Product_URL,Product_Image_URL,Product_Tagging,Product_Name,Product_Description,Original_Price,Discount_Price,Sizes_Available,Vouchers,Available_Colors,Color_Shown,Style_Code,Rating_Score,Review_Count
https://www.nike.com/ph/t/dunk-low-next-nature-shoes-wbxcmN/DD1873-113,"https://static.nike.com/a/images/t_default/u_9ddf04c7-2a9a-4d76-add1-d15af8f0263d,c_scale,fl_relative,w_1.0,h_1.0,fl_layer_apply/8d6b6d0d-c499-417e-a93a-7381652c1cac/W+NIKE+DUNK+LOW+NEXT+NATURE.png","Recycled Materials, SUSTAINABLE_MATERIALS",Nike Dunk Low Next Nature,Women's Shoes,"PHP 5,895.00","PHP 3,832.00",,,1 Colour,White/Light Smoke Grey,DD1873-113,,
https://www.nike.com/ph/t/dunk-low-next-nature-shoes-wbxcmN/DD1873-112,"https://static.nike.com/a/images/t_default/u_9ddf04c7-2a9a-4d76-add1-d15af8f0263d,c_scale,fl_relative,w_1.0,h_1.0,fl_layer_apply/1e2ce8a9-1452-455c-b637-beca735ab9ac/W+NIKE+DUNK+LOW+NEXT+NATURE.png","Recycled Materials, SUSTAINABLE_MATERIALS",Nike Dunk Low Next Nature,Women's Shoes,"PHP 5,895.00","PHP 3,832.00",,,1 Colour,White/Elemental Pink,DD1873-112,,
https://www.nike.com/ph/t/pegasus-road-running-shoes-9XMSK0/HQ2593-500,"https://static.nike.com/a/images/t_default/u_9ddf04c7-2a9a-4d76-add1-d15af8f0263d,c_scale,fl_relative,w_1.0,h_1.0,fl_layer_apply/df49a13c-66b2-41ed-9b3f-57a8f8922e96/W+NIKE+PEGASUS+PREMIUM.png","Bestseller, BEST_SELLER",Nike Pegasus Premium,Women's Road Running Shoes,"PHP 11,995.00","PHP 8,397.00",,,1 Colour,Barely Grape/Violet Mist/Sapphire/Purple Dynasty,HQ2593-500,,
https://www.nike.com/ph/t/pegasus-road-running-shoes-9XMSK0/HQ2593-502,"https://static.nike.com/a/images/t_default/u_9ddf04c7-2a9a-4d76-add1-d15af8f0263d,c_scale,fl_relative,w_1.0,h_1.0,fl_layer_apply/04af16c7-2f3e-4961-ac3c-0272b554e53d/W+NIKE+PEGASUS+PREMIUM.png","Bestseller, BEST_SELLER",Nike Pegasus Premium,Women's Road Running Shoes,"PHP 11,995.00","PHP 7,797.00",,,1 Colour,Tattoo/Football Grey/Hydrogen Blue/Off-Noir,HQ2593-502,,
https://www.nike.com/ph/t/book-2-rising-ep-basketball-shoes-zur8OGal/IB6688-001,"https://static.nike.com/a/images/t_default/u_9ddf04c7-2a9a-4d76-add1-d15af8f0263d,c_scale,fl_relative,w_1.0,h_1.0,fl_layer_apply/65929155-05f5-49cf-80b0-ac4818255096/BOOK+2+EP.png","Bestseller, BEST_SELLER",Book 2 'Rising' EP,Basketball Shoes,"PHP 8,095.00","PHP 6,476.00",,,1 Colour,Black/Safety Orange/Sundial/Multi-Colour,IB6688-001,,
https://www.nike.com/ph/t/revolution-8-road-running-shoes-WdoyZvVX/HJ9198-105,"https://static.nike.com/a/images/t_default/u_9ddf04c7-2a9a-4d76-add1-d15af8f0263d,c_scale,fl_relative,w_1.0,h_1.0,fl_layer_apply/761c4b08-f546-44d6-8c2a-ffd1a88a54f9/NIKE+REVOLUTION+8.png","Bestseller, BEST_SELLER",Nike Revolution 8,Men's Road Running Shoes,"PHP 3,295.00","PHP 2,307.00",,,1 Colour,White/Pure Platinum/Glacier Blue/Black,HJ9198-105,,
https://www.nike.com/ph/t/air-jordan-1-low-se-shoes-WluTYInM/IR0842-010,"https://static.nike.com/a/images/t_default/u_126ab356-44d8-4a06-89b4-fcdcc8df0245,c_scale,fl_relative,w_1.0,h_1.0,fl_layer_apply/8c821c35-cf09-40de-8fe0-71fbfb607d88/AIR+JORDAN+1+LOW+SE.png","Bestseller, BEST_SELLER",Air Jordan 1 Low SE,Men's Shoes,"PHP 7,295.00","PHP 5,836.00",,,1 Colour,Black/Black/Racer Pink/Pale Ivory,IR0842-010,,
https://www.nike.com/ph/t/jordan-franchise-shower-slides-i928MvhE/HQ2163-201,"https://static.nike.com/a/images/t_default/u_126ab356-44d8-4a06-89b4-fcdcc8df0245,c_scale,fl_relative,w_1.0,h_1.0,fl_layer_apply/c2b9325c-0c70-4e81-a911-aa2b7d792d6b/JORDAN+FRANCHISE+SLIDE+SH.png","Bestseller, BEST_SELLER",Jordan Franchise,Shower Slides,"PHP 1,895.00","PHP 1,327.00",,,1 Colour,Medium Olive/Sail,HQ2163-201,5,
https://www.nike.com/ph/t/jordan-franchise-shower-slides-i928MvhE/HQ2163-200,"https://static.nike.com/a/images/t_default/u_126ab356-44d8-4a06-89b4-fcdcc8df0245,c_scale,fl_relative,w_1.0,h_1.0,fl_layer_apply/dfeec947-ddbd-40bb-9695-148233980c9b/JORDAN+FRANCHISE+SLIDE+SH.png","Bestseller, BEST_SELLER",Jordan Franchise,Shower Slides,"PHP 1,895.00","PHP 1,327.00",,,1 Colour,Khaki/Black,HQ2163-200,5,
https://www.nike.com/ph/t/jordan-franchise-shower-slides-i928MvhE/HQ2163-100,"https://static.nike.com/a/images/t_default/u_126ab356-44d8-4a06-89b4-fcdcc8df0245,c_scale,fl_relative,w_1.0,h_1.0,fl_layer_apply/d9e15295-6bb7-407f-b588-2fb19b3074bb/JORDAN+FRANCHISE+SLIDE+SH.png","Bestseller, BEST_SELLER",Jordan Franchise,Shower Slides,"PHP 1,895.00","PHP 1,327.00",,,1 Colour,White/Black,HQ2163-100,5,
https://www.nike.com/ph/t/luka-5-luka-lifestyle-pf-basketball-shoes-DGKjPNHW/HV8087-002,"https://static.nike.com/a/images/t_default/u_126ab356-44d8-4a06-89b4-fcdcc8df0245,c_scale,fl_relative,w_1.0,h_1.0,fl_layer_apply/2b144d06-9c8e-4dd2-9f62-fc3c5a64468c/JORDAN+LUKA+5+PF.png","Bestseller, BEST_SELLER",Luka 5 'Luka Lifestyle' PF,Basketball Shoes,"PHP 7,595.00","PHP 5,317.00",,,1 Colour,Black/Bright Crimson,HV8087-002,,
https://www.nike.com/ph/t/sportswear-futura-365-cross-body-bag-PExW1jWH/HV6621-634,"https://static.nike.com/a/images/t_default/u_9ddf04c7-2a9a-4d76-add1-d15af8f0263d,c_scale,fl_relative,w_1.0,h_1.0,fl_layer_apply/236f5766-f935-439e-ad55-457032d0ba03/W+NSW+FUTURA+365+CRSSBDY-SWIRL.png","Recycled Materials, SUSTAINABLE_MATERIALS",Nike Sportswear Futura 365,Women's Cross-Body Bag (3L),"PHP 1,395.00",PHP 907.00,,,1 Colour,Sweet Beet/Burgundy Crush/Burgundy Crush,HV6621-634,,
https://www.nike.com/ph/t/tiempo-legend-10-elite-low-top-football-boot-F47h5D/DV4328-402,"https://static.nike.com/a/images/t_default/u_9ddf04c7-2a9a-4d76-add1-d15af8f0263d,c_scale,fl_relative,w_1.0,h_1.0,fl_layer_apply/6e0fb36c-12d4-4bcb-be2b-beb36e67b702/LEGEND+10+ELITE+FG.png","Recycled Materials, SUSTAINABLE_MATERIALS",Nike Tiempo Legend 10 Elite,Firm-Ground Low-Top Football Boot,"PHP 12,295.00","PHP 9,836.00",,,1 Colour,Blue Eclipse/Black,DV4328-402,,
https://www.nike.com/ph/t/tiempo-legend-10-elite-low-top-football-boot-F47h5D/DV4328-003,"https://static.nike.com/a/images/t_default/u_9ddf04c7-2a9a-4d76-add1-d15af8f0263d,c_scale,fl_relative,w_1.0,h_1.0,fl_layer_apply/31fecc61-279b-4d5b-be41-c58a22e9eba0/LEGEND+10+ELITE+FG.png","Recycled Materials, SUSTAINABLE_MATERIALS",Nike Tiempo Legend 10 Elite,Firm-Ground Low-Top Football Boot,"PHP 12,295.00","PHP 9,836.00",,,1 Colour,Black/Black,DV4328-003,,
https://www.nike.com/ph/t/tiempo-legend-10-elite-low-top-football-boot-F47h5D/DV4328-701,"https://static.nike.com/a/images/t_default/u_9ddf04c7-2a9a-4d76-add1-d15af8f0263d,c_scale,fl_relative,w_1.0,h_1.0,fl_layer_apply/d4040a4b-0134-4895-8f73-a5b80493ca23/LEGEND+10+ELITE+FG.png","Recycled Materials, SUSTAINABLE_MATERIALS",Nike Tiempo Legend 10 Elite,Firm-Ground Low-Top Football Boot,"PHP 12,295.00","PHP 7,377.00",,,1 Colour,Volt/Black,DV4328-701,,
https://www.nike.com/ph/t/nike-tiempo-legend-10-elite-F47h5D/DV4328-002,"https://static.nike.com/a/images/t_default/u_9ddf04c7-2a9a-4d76-add1-d15af8f0263d,c_scale,fl_relative,w_1.0,h_1.0,fl_layer_apply/08459ffe-222f-4a98-af13-8b2688941e37/LEGEND+10+ELITE+FG.png","Recycled Materials, SUSTAINABLE_MATERIALS",Nike Tiempo Legend 10 Elite,Firm-Ground Low-Top Football Boot,"PHP 12,295.00","PHP 6,762.00",,,1 Colour,Black/Deep Jungle/Black,DV4328-002,,
https://www.nike.com/ph/t/jordan-apex-reversible-bucket-hat-uFcL7XGb/IF0923-104,"https://static.nike.com/a/images/t_default/u_126ab356-44d8-4a06-89b4-fcdcc8df0245,c_scale,fl_relative,w_1.0,h_1.0,fl_layer_apply/994e0b3f-258e-49aa-87a1-533c9ab66fe1/U+J+APEX+BUCKET+JM+AOP.png","Recycled Materials, SUSTAINABLE_MATERIALS",Jordan Apex,Reversible Bucket Hat,"PHP 1,395.00",PHP 907.00,,,1 Colour,Light Orewood Brown/Hemp,IF0923-104,5,
https://www.nike.com/ph/t/jordan-1-low-alt-younger-shoes-W8Wbv0/DR9748-104,"https://static.nike.com/a/images/t_default/u_126ab356-44d8-4a06-89b4-fcdcc8df0245,c_scale,fl_relative,w_1.0,h_1.0,fl_layer_apply/f64fdd15-b9f5-44f6-b2b0-a3244154f9bc/JORDAN+1+LOW+ALT+%28PS%29.png","Bestseller, BEST_SELLER",Jordan 1 Low Alt,Younger Kids' Shoes,"PHP 3,295.00","PHP 2,636.00",,,1 Colour,White/Aura/Squadron Blue,DR9748-104,,
https://www.nike.com/ph/t/jordan-1-mid-shoes-Jc7TTZ/DQ8425-109,"https://static.nike.com/a/images/t_default/u_126ab356-44d8-4a06-89b4-fcdcc8df0245,c_scale,fl_relative,w_1.0,h_1.0,fl_layer_apply/4b468e6f-3d53-4a8c-af35-9f9ac5039c07/JORDAN+1+MID+%28TD%29.png","Bestseller, BEST_SELLER",Jordan 1 Mid,Baby/Toddler Shoes,"PHP 2,795.00","PHP 1,957.00",,,1 Colour,Summit White/Infrared 23/Neutral Grey/Black,DQ8425-109,,
https://www.nike.com/ph/t/air-superfly-shoes-1GxUW8hr/HQ7955-401,"https://static.nike.com/a/images/t_default/u_9ddf04c7-2a9a-4d76-add1-d15af8f0263d,c_scale,fl_relative,w_1.0,h_1.0,fl_layer_apply/27f84a20-9661-4383-9d0f-c385780ed8ee/W+NIKE+AIR+SUPERFLY.png","Bestseller, BEST_SELLER",Nike Air Superfly,Women's Shoes,"PHP 5,795.00","PHP 3,767.00",,,1 Colour,Ashen Slate/Armoury Slate/Particle Rose/Tattoo,HQ7955-401,5,
https://www.nike.com/ph/t/run-defy-road-running-shoes-rVrdTl/HM9594-112,"https://static.nike.com/a/images/t_default/u_9ddf04c7-2a9a-4d76-add1-d15af8f0263d,c_scale,fl_relative,w_1.0,h_1.0,fl_layer_apply/d2250731-aabc-4d8d-82bc-6d061e2d924e/NIKE+RUN+DEFY.png","Bestseller, BEST_SELLER",Nike Run Defy,Men's Road Running Shoes,"PHP 3,095.00","PHP 2,012.00",,,1 Colour,White/Glacier Blue/Green Strike/Black,HM9594-112,,
https://www.nike.com/ph/t/run-defy-road-running-shoes-rVrdTl/HM9594-103,"https://static.nike.com/a/images/t_default/u_9ddf04c7-2a9a-4d76-add1-d15af8f0263d,c_scale,fl_relative,w_1.0,h_1.0,fl_layer_apply/3b02011b-c120-4035-a279-4a7cecd7525b/NIKE+RUN+DEFY.png","Bestseller, BEST_SELLER",Nike Run Defy,Men's Road Running Shoes,"PHP 3,095.00","PHP 2,167.00",,,1 Colour,Summit White/Turf Orange/White/Bright Crimson,HM9594-103,,
https://www.nike.com/ph/t/structure-26-road-running-shoes-FLsWh1HA/HQ2589-101,"https://static.nike.com/a/images/t_default/u_9ddf04c7-2a9a-4d76-add1-d15af8f0263d,c_scale,fl_relative,w_1.0,h_1.0,fl_layer_apply/ce11525c-e86d-420d-9ca1-300e89c2a731/W+NIKE+STRUCTURE+26+WIDE.png","Sold Out, OUT_OF_STOCK",Nike Structure 26,Women's Road Running Shoes (Extra Wide),"PHP 7,595.00","PHP 3,798.00",,,1 Colour,Summit White/Barely Volt/Sail/Chrome,HQ2589-101,,
https://www.nike.com/ph/t/v2k-run-shoes-with-reflective-design-accents-zJV8TV/FD0736-115,"https://static.nike.com/a/images/t_default/u_9ddf04c7-2a9a-4d76-add1-d15af8f0263d,c_scale,fl_relative,w_1.0,h_1.0,fl_layer_apply/084fa90b-36cf-4464-97e8-9bb202c7adcc/W+NIKE+V2K+RUN.png","Recycled Materials, SUSTAINABLE_MATERIALS",Nike V2K Run,Women's shoes with reflective accents,"PHP 6,895.00","PHP 4,827.00",,,1 Colour,Sand Drift/Shimmer/Fauna Brown/Pink Foam,FD0736-115,,
https://www.nike.com/ph/t/v2k-run-shoes-with-reflective-design-accents-zJV8TV/FD0736-114,"https://static.nike.com/a/images/t_default/u_9ddf04c7-2a9a-4d76-add1-d15af8f0263d,c_scale,fl_relative,w_1.0,h_1.0,fl_layer_apply/16b38c2f-0996-4bfa-9b5a-6d30a5cf2753/W+NIKE+V2K+RUN.png","Recycled Materials, SUSTAINABLE_MATERIALS",Nike V2K Run,Women's shoes with reflective accents,"PHP 6,895.00","PHP 4,482.00",,,1 Colour,Summit White/Vast Grey/Alabaster/Pink Spell,FD0736-114,,
https://www.nike.com/ph/t/jordan-air-rev-golf-shoes-jgWN39/FV6338-104,"https://static.nike.com/a/images/t_default/u_126ab356-44d8-4a06-89b4-fcdcc8df0245,c_scale,fl_relative,w_1.0,h_1.0,fl_layer_apply/c7591c92-1d3c-4bc1-bc99-0a14cd3202fe/JORDAN+AIR+REV.png","Bestseller, BEST_SELLER",Jordan Air Rev,Golf Shoes,"PHP 13,895.00","PHP 9,727.00",,,1 Colour,White/Team Red/Black,FV6338-104,,
https://www.nike.com/ph/t/air-force-1-07-shoes-daGXOe1a/HV4406-100,"https://static.nike.com/a/images/t_default/u_9ddf04c7-2a9a-4d76-add1-d15af8f0263d,c_scale,fl_relative,w_1.0,h_1.0,fl_layer_apply/d19c5e1d-b04e-4265-bb47-28ebb1054dc5/W+AIR+FORCE+1+%2707.png","Bestseller, BEST_SELLER",Nike Air Force 1 '07,Women's Shoes,"PHP 6,995.00","PHP 4,547.00",,,1 Colour,Off-White/Light Smoke Grey/Off-White,HV4406-100,5,
https://www.nike.com/ph/t/air-force-1-07-shoes-daGXOe1a/HV4406-601,"https://static.nike.com/a/images/t_default/u_9ddf04c7-2a9a-4d76-add1-d15af8f0263d,c_scale,fl_relative,w_1.0,h_1.0,fl_layer_apply/1a12b127-e6c5-487d-a8db-669704608cef/W+AIR+FORCE+1+%2707.png","Bestseller, BEST_SELLER",Nike Air Force 1 '07,Women's Shoes,"PHP 6,995.00","PHP 4,897.00",,,1 Colour,Silt Red/Particle Pink/Silt Red,HV4406-601,5,
https://www.nike.com/ph/t/zoom-rival-fly-4-glam-road-racing-shoes-rBOODHTQ/IO9565-400,"https://static.nike.com/a/images/t_default/u_9ddf04c7-2a9a-4d76-add1-d15af8f0263d,c_scale,fl_relative,w_1.0,h_1.0,fl_layer_apply/ddd8d349-e169-4074-bc6f-8c16ce4be2d6/NIKE+AIR+ZOOM+RIVAL+FLY+4+GLAM.png","Bestseller, BEST_SELLER",Nike Zoom Rival Fly 4 Glam,Road Racing Shoes,"PHP 6,295.00","PHP 4,407.00",,,1 Colour,Dark Obsidian/Ghost Green/Pink Blast/Black,IO9565-400,5,
https://www.nike.com/ph/t/court-borough-low-recraft-shoes-3JT7d2/HM6300-480,"https://static.nike.com/a/images/t_default/u_9ddf04c7-2a9a-4d76-add1-d15af8f0263d,c_scale,fl_relative,w_1.0,h_1.0,fl_layer_apply/8ecb5051-4b30-4fb8-85fe-03545d0a78e7/COURT+BOROUGH+LOW+RECRAFT+TD.png","Recycled Materials, SUSTAINABLE_MATERIALS",Nike Court Borough Low Recraft,Baby/Toddler Shoes,"PHP 1,895.00","PHP 1,232.00",,,1 Colour,Game Royal/White/Black,HM6300-480,4,
https://www.nike.com/ph/t/gt-jump-academy-ep-basketball-shoes-PGSkKx/HF1804-102,"https://static.nike.com/a/images/t_default/u_9ddf04c7-2a9a-4d76-add1-d15af8f0263d,c_scale,fl_relative,w_1.0,h_1.0,fl_layer_apply/1b7b84f5-4b31-4354-a62f-98f2661b507e/G.T.+JUMP+ACADEMY+EP.png","Recycled Materials, SUSTAINABLE_MATERIALS",Nike G.T. Jump Academy EP,Basketball Shoes,"PHP 4,295.00","PHP 2,792.00",,,1 Colour,Summit White/Peony/Lapis,HF1804-102,5,
https://www.nike.com/ph/t/gt-jump-academy-ep-basketball-shoes-PGSkKx/HF1804-007,"https://static.nike.com/a/images/t_default/u_9ddf04c7-2a9a-4d76-add1-d15af8f0263d,c_scale,fl_relative,w_1.0,h_1.0,fl_layer_apply/27e1fcfb-a88d-4f6a-8436-eba18eb8d944/G.T.+JUMP+ACADEMY+EP.png","Recycled Materials, SUSTAINABLE_MATERIALS",Nike G.T. Jump Academy EP,Basketball Shoes,"PHP 4,295.00","PHP 3,007.00",,,1 Colour,Black/Dark Smoke Grey/Smoke Grey/Vivid Purple,HF1804-007,5,
https://www.nike.com/ph/t/lny-waistpack-t7Pa3IzR/IQ0978-133,https://static.nike.com/a/images/t_default/229f0fcb-1068-4097-a65a-d638005c16e7/NK+ELMNTL+PRM+WAISTPACK+-+CNY.png,"Recycled Materials, SUSTAINABLE_MATERIALS",Nike Premium LNY,Waistpack (8L),"PHP 1,995.00","PHP 1,397.00",,,1 Colour,Sail/Sail/Neutral Olive,IQ0978-133,4,
https://www.nike.com/ph/t/air-jordan-1-low-se-shoes-swIp51zy/IB7011-001,"https://static.nike.com/a/images/t_default/u_126ab356-44d8-4a06-89b4-fcdcc8df0245,c_scale,fl_relative,w_1.0,h_1.0,fl_layer_apply/53b6072d-12a8-4c5e-b9fe-146f5d52e6dd/WMNS+AIR+JORDAN+1+LOW+SE.png","Bestseller, BEST_SELLER",Air Jordan 1 Low SE,Women's Shoes,"PHP 7,295.00","PHP 4,742.00",,,1 Colour,Enigma Stone/Pale Ivory/Hemp/Oatmeal,IB7011-001,3,
https://www.nike.com/ph/t/jordan-1-mid-younger-shoes-2gFmNs/DQ8424-002,"https://static.nike.com/a/images/t_default/u_126ab356-44d8-4a06-89b4-fcdcc8df0245,c_scale,fl_relative,w_1.0,h_1.0,fl_layer_apply/1dfddcc3-bee8-4558-bcea-b730bd27b411/JORDAN+1+MID+%28PS%29.png","Bestseller, BEST_SELLER",Jordan 1 Mid,Younger Kids' Shoes,"PHP 3,395.00","PHP 2,377.00",,,1 Colour,Black/Aura/Squadron Blue/Black,DQ8424-002,,
https://www.nike.com/ph/t/reax-8-tr-workout-shoes-K4q2TBes/IO2400-500,"https://static.nike.com/a/images/t_default/u_9ddf04c7-2a9a-4d76-add1-d15af8f0263d,c_scale,fl_relative,w_1.0,h_1.0,fl_layer_apply/de09ceef-84bd-45df-b636-c4c687868f66/W+NIKE+REAX+8+TR+MESH.png","Bestseller, BEST_SELLER",Nike Reax 8 TR,Women's Workout Shoes,"PHP 4,695.00","PHP 3,287.00",,,1 Colour,Tattoo/Burgundy Crush,IO2400-500,,
https://www.nike.com/ph/t/sabrina-3-me-vs-me-ep-basketball-shoes-oSbSxnZK/IQ5083-102,"https://static.nike.com/a/images/t_default/u_9ddf04c7-2a9a-4d76-add1-d15af8f0263d,c_scale,fl_relative,w_1.0,h_1.0,fl_layer_apply/9ba72e85-7bb7-4bf4-b18a-baa97254c06a/SABRINA+3+MVM+EP.png","Bestseller, BEST_SELLER",Sabrina 3 'Me vs. Me' EP,Basketball Shoes,"PHP 7,595.00","PHP 5,317.00",,,1 Colour,White/Wolf Grey/Photon Dust/Metallic Dark Grey,IQ5083-102,,
https://www.nike.com/ph/t/wio-11-road-running-shoes-2SNS3P/FJ9509-111,"https://static.nike.com/a/images/t_default/u_9ddf04c7-2a9a-4d76-add1-d15af8f0263d,c_scale,fl_relative,w_1.0,h_1.0,fl_layer_apply/5be02196-9aee-43e2-aa57-0beb60cdb123/NIKE+AIR+WINFLO+11.png","Recycled Materials, SUSTAINABLE_MATERIALS",Nike Winflo 11,Men's Road Running Shoes,"PHP 5,495.00","PHP 3,572.00",,,1 Colour,Summit White/Bright Crimson/Topaz Gold/Black,FJ9509-111,,
https://www.nike.com/ph/t/wio-11-road-running-shoes-2SNS3P/FJ9509-010,"https://static.nike.com/a/images/t_default/u_9ddf04c7-2a9a-4d76-add1-d15af8f0263d,c_scale,fl_relative,w_1.0,h_1.0,fl_layer_apply/e79f9b3f-8754-4b4b-82d7-d516117bedb8/NIKE+AIR+WINFLO+11.png","Recycled Materials, SUSTAINABLE_MATERIALS",Nike Winflo 11,Men's Road Running Shoes,"PHP 5,495.00","PHP 3,572.00",,,1 Colour,Cannon/Sanded Purple/White/Black,FJ9509-010,,
https://www.nike.com/ph/t/wio-11-road-running-shoes-2SNS3P/FJ9509-112,"https://static.nike.com/a/images/t_default/u_9ddf04c7-2a9a-4d76-add1-d15af8f0263d,c_scale,fl_relative,w_1.0,h_1.0,fl_layer_apply/59069380-11f6-4f76-bd31-82e75351c835/NIKE+AIR+WINFLO+11.png","Recycled Materials, SUSTAINABLE_MATERIALS",Nike Winflo 11,Men's Road Running Shoes,"PHP 5,495.00","PHP 3,572.00",,,1 Colour,White/Glacier Blue/Green Strike/Black,FJ9509-112,,
https://www.nike.com/ph/t/jordan-flight-script-t-shirt-7QZWNUw8/IF3014-050,"https://static.nike.com/a/images/t_default/u_126ab356-44d8-4a06-89b4-fcdcc8df0245,c_scale,fl_relative,w_1.0,h_1.0,fl_layer_apply/3780f3ac-2fe0-488c-9750-582a58cb56f8/M+J+FLT+SCRIPT+BOXY+SS+CREW.png","Bestseller, BEST_SELLER",Jordan Flight,Men's Script T-Shirt,"PHP 1,995.00","PHP 1,596.00",,,1 Colour,Grey Heather/White,IF3014-050,1,
https://www.nike.com/ph/t/juniper-trail-2-gore-tex-waterproof-trail-running-shoes-61f57n/HM9734-302,"https://static.nike.com/a/images/t_default/u_9ddf04c7-2a9a-4d76-add1-d15af8f0263d,c_scale,fl_relative,w_1.0,h_1.0,fl_layer_apply/d38d24af-fa44-42cf-bfa2-e47a8118c951/NIKE+JUNIPER+TRAIL+2+GTX+V2.png","Recycled Materials, SUSTAINABLE_MATERIALS",Nike Juniper Trail 2 GORE-TEX,Men's Waterproof Trail-Running Shoes,"PHP 6,395.00","PHP 4,477.00",,,1 Colour,Seaweed/Clay Green/Hyper Pink/Mint Foam,HM9734-302,1,
https://www.nike.com/ph/t/sb-malor-skate-shoes-BZKPwR/FV6064-500,"https://static.nike.com/a/images/t_default/u_9ddf04c7-2a9a-4d76-add1-d15af8f0263d,c_scale,fl_relative,w_1.0,h_1.0,fl_layer_apply/ccd38896-211b-48be-85f2-e61dee268b9c/NIKE+SB+MALOR.png","Bestseller, BEST_SELLER",Nike SB Malor,Skate Shoes,"PHP 4,095.00","PHP 2,662.00",,,1 Colour,Blueprint/Blueprint/Off-Noir/White,FV6064-500,,
https://www.nike.com/ph/t/luka-rise-cap-structured-adjustable-hat-WC279OBl/IF7166-010,"https://static.nike.com/a/images/t_default/u_126ab356-44d8-4a06-89b4-fcdcc8df0245,c_scale,fl_relative,w_1.0,h_1.0,fl_layer_apply/43eb880c-ac51-402d-b832-c57522e1d250/U+J+RISE+CAP+S+CB+LD.png","Bestseller, BEST_SELLER",Luka Rise Cap,Structured Adjustable Hat,"PHP 1,045.00",PHP 836.00,,,1 Colour,Black/White,IF7166-010,,
https://www.nike.com/ph/t/air-force-1-07-shoes-XA6c5cfz/IH1698-001,"https://static.nike.com/a/images/t_default/u_9ddf04c7-2a9a-4d76-add1-d15af8f0263d,c_scale,fl_relative,w_1.0,h_1.0,fl_layer_apply/17950809-42b8-4253-a15e-b17691eb643f/AIR+FORCE+1+%2707.png","Bestseller, BEST_SELLER",Nike Air Force 1 '07,Men's Shoes,"PHP 6,295.00","PHP 5,036.00",,,1 Colour,College Grey/College Grey,IH1698-001,,
https://www.nike.com/ph/t/air-force-1-07-shoes-XA6c5cfz/IH1698-200,"https://static.nike.com/a/images/t_default/u_9ddf04c7-2a9a-4d76-add1-d15af8f0263d,c_scale,fl_relative,w_1.0,h_1.0,fl_layer_apply/c625d710-d06c-4b08-bba7-cd6c6f2475d0/AIR+FORCE+1+%2707.png","Bestseller, BEST_SELLER",Nike Air Force 1 '07,Men's Shoes,"PHP 6,295.00","PHP 4,407.00",,,1 Colour,Velvet Brown/Velvet Brown,IH1698-200,,
https://www.nike.com/ph/t/air-jordan-1-low-se-shoes-8S5POzuT/IB7109-005,"https://static.nike.com/a/images/t_default/u_126ab356-44d8-4a06-89b4-fcdcc8df0245,c_scale,fl_relative,w_1.0,h_1.0,fl_layer_apply/090d52af-db03-4e53-b40a-4f1e530dc64d/AIR+JORDAN+1+LOW+SE.png","Bestseller, BEST_SELLER",Air Jordan 1 Low SE,Men's Shoes,"PHP 7,295.00","PHP 5,836.00",,,1 Colour,Black/Light Wild Mango/Olive Grey,IB7109-005,,
https://www.nike.com/ph/t/air-jordan-1-low-se-shoes-8S5POzuT/IB7109-004,"https://static.nike.com/a/images/t_default/u_126ab356-44d8-4a06-89b4-fcdcc8df0245,c_scale,fl_relative,w_1.0,h_1.0,fl_layer_apply/e70d94ba-7b70-437d-ba10-d0bfd44550b0/AIR+JORDAN+1+LOW+SE.png","Bestseller, BEST_SELLER",Air Jordan 1 Low SE,Men's Shoes,"PHP 7,295.00","PHP 5,836.00",,,1 Colour,Anthracite/Muslin/Iris Whisper/Sail,IB7109-004,,
https://www.nike.com/ph/t/omni-multi-court-younger-shoes-dk59FX/DM9026-001,"https://static.nike.com/a/images/t_default/u_9ddf04c7-2a9a-4d76-add1-d15af8f0263d,c_scale,fl_relative,w_1.0,h_1.0,fl_layer_apply/ff3e1ba7-e589-485b-b9bb-3778055d6545/NIKE+OMNI+MULTI-COURT+%28PS%29.png","Recycled Materials, SUSTAINABLE_MATERIALS",Nike Omni Multi-Court,Younger Kids' Shoes,"PHP 2,495.00","PHP 1,996.00",,,1 Colour,Black/Anthracite,DM9026-001,1,
https://www.nike.com/ph/t/air-max-dn-shoes-FtLNfm/DV3337-006,"https://static.nike.com/a/images/t_default/u_9ddf04c7-2a9a-4d76-add1-d15af8f0263d,c_scale,fl_relative,w_1.0,h_1.0,fl_layer_apply/0083d873-114c-4a76-9dd3-82aa3c1b168f/AIR+MAX+DN.png","Recycled Materials, SUSTAINABLE_MATERIALS",Nike Air Max Dn,Shoes,"PHP 8,395.00","PHP 5,037.00",,,1 Colour,Black/Black/Metallic Dark Grey/Black,DV3337-006,,
https://www.nike.com/ph/t/air-max-dn-shoes-FtLNfm/DV3337-101,"https://static.nike.com/a/images/t_default/u_9ddf04c7-2a9a-4d76-add1-d15af8f0263d,c_scale,fl_relative,w_1.0,h_1.0,fl_layer_apply/5bc5bc81-9e76-444f-93ce-c7e1446f17af/AIR+MAX+DN.png","Recycled Materials, SUSTAINABLE_MATERIALS",Nike Air Max Dn,Shoes,"PHP 8,395.00","PHP 5,037.00",,,1 Colour,White/White/Metallic Silver/White,DV3337-101,,
https://www.nike.com/ph/t/pro-sculpt-dri-fit-high-waisted-12-5cm-biker-shorts-PE4jcV2y/HV2367-390,https://static.nike.com/a/images/t_default/19782038-0711-456f-b6ce-4f246ec8c562/AS+W+NP+DF+SCULPT+HR+5IN+SRT.png,"Recycled Materials, SUSTAINABLE_MATERIALS",Nike Pro Sculpt,Women's Dri-FIT High-Waisted 12.5cm (approx.) Biker Shorts,"PHP 1,995.00","PHP 1,397.00",,,1 Colour,Seaweed/Vintage Green/White,HV2367-390,,
https://www.nike.com/ph/t/cortez-se-older-shoes-AJI4qNK8/IM6968-600,"https://static.nike.com/a/images/t_default/u_9ddf04c7-2a9a-4d76-add1-d15af8f0263d,c_scale,fl_relative,w_1.0,h_1.0,fl_layer_apply/ec1689de-64e7-46c1-91aa-8df1e5b7d24f/NIKE+CORTEZ+SE+%28GS%29.png","Bestseller, BEST_SELLER",Nike Cortez SE,Older Kids' Shoes,"PHP 4,095.00","PHP 2,867.00",,,1 Colour,Team Crimson/University Red/Glacier Blue/Sail,IM6968-600,,
https://www.nike.com/ph/t/vomero-18-older-road-running-shoes-50VPz0/HQ2157-108,"https://static.nike.com/a/images/t_default/u_9ddf04c7-2a9a-4d76-add1-d15af8f0263d,c_scale,fl_relative,w_1.0,h_1.0,fl_layer_apply/2f37be6d-330a-4beb-ba60-03558d1f15ea/NIKE+VOMERO+18+%28GS%29.png","Recycled Materials, SUSTAINABLE_MATERIALS",Nike Vomero 18,Older Kids' Road Running Shoes,"PHP 6,495.00","PHP 4,547.00",,,1 Colour,White/Black/Pure Platinum/Blue Hero,HQ2157-108,,
https://www.nike.com/ph/t/vomero-18-older-road-running-shoes-50VPz0/HQ2157-800,"https://static.nike.com/a/images/t_default/u_9ddf04c7-2a9a-4d76-add1-d15af8f0263d,c_scale,fl_relative,w_1.0,h_1.0,fl_layer_apply/4d00c259-9056-4fee-90b2-7ab6c77ca4cf/NIKE+VOMERO+18+%28GS%29.png","Recycled Materials, SUSTAINABLE_MATERIALS",Nike Vomero 18,Older Kids' Road Running Shoes,"PHP 6,495.00","PHP 4,547.00",,,1 Colour,Guava Ice/Orange Chalk/Sail,HQ2157-800,,
https://www.nike.com/ph/t/vomero-18-older-road-running-shoes-50VPz0/HQ2157-109,"https://static.nike.com/a/images/t_default/u_9ddf04c7-2a9a-4d76-add1-d15af8f0263d,c_scale,fl_relative,w_1.0,h_1.0,fl_layer_apply/a6afacf3-43c8-42eb-ad23-8428a74bb320/NIKE+VOMERO+18+%28GS%29.png","Recycled Materials, SUSTAINABLE_MATERIALS",Nike Vomero 18,Older Kids' Road Running Shoes,"PHP 6,495.00","PHP 4,547.00",,,1 Colour,White/Football Grey/Royal Pulse,HQ2157-109,,
https://www.nike.com/ph/t/vomero-18-older-road-running-shoes-50VPz0/HQ2157-300,"https://static.nike.com/a/images/t_default/u_9ddf04c7-2a9a-4d76-add1-d15af8f0263d,c_scale,fl_relative,w_1.0,h_1.0,fl_layer_apply/0f1dc637-349d-4e17-b3e2-c221ed1eeb4b/NIKE+VOMERO+18+%28GS%29.png","Recycled Materials, SUSTAINABLE_MATERIALS",Nike Vomero 18,Older Kids' Road Running Shoes,"PHP 6,495.00","PHP 3,897.00",,,1 Colour,Seaweed/Cannon/Sanded Purple/Volt,HQ2157-300,,
https://www.nike.com/ph/t/vomero-18-older-road-running-shoes-50VPz0/HQ2157-009,"https://static.nike.com/a/images/t_default/u_9ddf04c7-2a9a-4d76-add1-d15af8f0263d,c_scale,fl_relative,w_1.0,h_1.0,fl_layer_apply/a85630bb-cb0d-4c96-8f53-4d0bc0535403/NIKE+VOMERO+18+%28GS%29.png","Bestseller, BEST_SELLER",Nike Vomero 18,Older Kids' Road Running Shoes,"PHP 6,495.00","PHP 4,547.00",,,1 Colour,Black/Light Crimson/Topaz Gold/Bright Crimson,HQ2157-009,,
https://www.nike.com/ph/t/calm-slides-T7qMVF/DX4816-601,"https://static.nike.com/a/images/t_default/u_9ddf04c7-2a9a-4d76-add1-d15af8f0263d,c_scale,fl_relative,w_1.0,h_1.0,fl_layer_apply/f3b28774-8b8a-4fae-bf78-248a213bbe4e/W+NIKE+CALM+SLIDE.png","Recycled Materials, SUSTAINABLE_MATERIALS",Nike Calm,Women's Slides,"PHP 2,595.00","PHP 1,817.00",,,1 Colour,Canyon Pink/Canyon Pink/Canyon Pink,DX4816-601,,
https://www.nike.com/ph/t/calm-slides-T7qMVF/DX4816-100,"https://static.nike.com/a/images/t_default/u_9ddf04c7-2a9a-4d76-add1-d15af8f0263d,c_scale,fl_relative,w_1.0,h_1.0,fl_layer_apply/6e80ab79-17aa-4f67-bf0b-774dde2b95c9/W+NIKE+CALM+SLIDE.png","Recycled Materials, SUSTAINABLE_MATERIALS",Nike Calm,Women's Slides,"PHP 2,595.00","PHP 1,687.00",,,1 Colour,Sail/Sail,DX4816-100,,
https://www.nike.com/ph/t/air-max-90-shoes-kRsBnD/DM0029-020,"https://static.nike.com/a/images/t_default/u_9ddf04c7-2a9a-4d76-add1-d15af8f0263d,c_scale,fl_relative,w_1.0,h_1.0,fl_layer_apply/157d316f-4eee-48a8-bfb7-e6d5a9be01d8/AIR+MAX+90.png","Bestseller, BEST_SELLER",Nike Air Max 90,Men's Shoes,"PHP 6,595.00","PHP 4,617.00",,,1 Colour,Smoke Grey/Black/Dark Smoke Grey/Photon Dust,DM0029-020,,
https://www.nike.com/ph/t/air-max-90-shoes-kRsBnD/DM0029-119,"https://static.nike.com/a/images/t_default/u_9ddf04c7-2a9a-4d76-add1-d15af8f0263d,c_scale,fl_relative,w_1.0,h_1.0,fl_layer_apply/301f36ed-d28e-4d36-a7ba-5aac279e03f4/AIR+MAX+90.png","Bestseller, BEST_SELLER",Nike Air Max 90,Men's Shoes,"PHP 6,595.00","PHP 4,617.00",,,1 Colour,White/College Grey/Vast Grey/Laser Orange,DM0029-119,,
https://www.nike.com/ph/t/air-force-1-07-shoes-VWCc04/DV0788-001,"https://static.nike.com/a/images/t_default/u_9ddf04c7-2a9a-4d76-add1-d15af8f0263d,c_scale,fl_relative,w_1.0,h_1.0,fl_layer_apply/3f3e7049-5c99-428c-abcd-e246b086f2ed/AIR+FORCE+1+%2707.png","Bestseller, BEST_SELLER",Nike Air Force 1 '07,Men's Shoes,"PHP 6,195.00","PHP 4,337.00",,,1 Colour,Black/Black/White,DV0788-001,,
https://www.nike.com/ph/t/zoom-fly-6-glam-road-running-shoes-DuS97bGw/IO9572-400,"https://static.nike.com/a/images/t_default/u_9ddf04c7-2a9a-4d76-add1-d15af8f0263d,c_scale,fl_relative,w_1.0,h_1.0,fl_layer_apply/d1095b24-f5f1-4cdb-9d4c-43942c8f53b6/ZOOM+FLY+6+GLAM.png","Bestseller, BEST_SELLER",Nike Zoom Fly 6 Glam,Men's Road Running Shoes,"PHP 10,295.00","PHP 7,207.00",,,1 Colour,Dark Obsidian/Racer Blue/Emerald Rise/Black,IO9572-400,,
https://www.nike.com/ph/t/luka-5-black-metallic-older-basketball-shoes-jpSFXEbM/IM5166-002,"https://static.nike.com/a/images/t_default/u_126ab356-44d8-4a06-89b4-fcdcc8df0245,c_scale,fl_relative,w_1.0,h_1.0,fl_layer_apply/f563d5a6-9e1b-41d4-bd25-ed0ee2300da4/JORDAN+LUKA+5+%28GS%29.png","Bestseller, BEST_SELLER",Luka 5 'Black Metallic',Older Kids' Basketball Shoes,"PHP 5,095.00","PHP 3,567.00",,,1 Colour,Black/Bright Crimson,IM5166-002,5,
https://www.nike.com/ph/t/air-max-95-big-bubble-og-shoes-ixo53b68/HM4740-008,"https://static.nike.com/a/images/t_default/u_9ddf04c7-2a9a-4d76-add1-d15af8f0263d,c_scale,fl_relative,w_1.0,h_1.0,fl_layer_apply/05f84b2d-e767-4daa-8586-7ed7b2a03f49/NIKE+AIR+MAX+95+BIG+BUBBLE.png","Bestseller, BEST_SELLER",Nike Air Max 95 Big Bubble 'OG',Men's shoes,"PHP 9,695.00","PHP 6,787.00",,,1 Colour,Black/Team Crimson/Wolf Grey/Black,HM4740-008,,
https://www.nike.com/ph/t/air-max-95-big-bubble-og-shoes-ixo53b68/HM4740-009,"https://static.nike.com/a/images/t_default/u_9ddf04c7-2a9a-4d76-add1-d15af8f0263d,c_scale,fl_relative,w_1.0,h_1.0,fl_layer_apply/067b72f2-987c-4e64-86e2-3ee186074284/NIKE+AIR+MAX+95+BIG+BUBBLE.png","Bestseller, BEST_SELLER",Nike Air Max 95 Big Bubble 'OG',Men's shoes,"PHP 9,695.00","PHP 7,756.00",,,1 Colour,Photon Dust/Dark Raisin/Pencil Point/Sapphire,HM4740-009,,
https://www.nike.com/ph/t/promina-walking-shoes-Kg14nw/FV5285-009,"https://static.nike.com/a/images/t_default/u_9ddf04c7-2a9a-4d76-add1-d15af8f0263d,c_scale,fl_relative,w_1.0,h_1.0,fl_layer_apply/cea87002-11fc-44f6-80c6-d32f024c39f8/M+NIKE+PROMINA.png","Bestseller, BEST_SELLER",Nike Promina,Men's Walking Shoes,"PHP 3,295.00","PHP 2,307.00",,,1 Colour,Sea Glass/White/Volt,FV5285-009,,
https://www.nike.com/ph/t/sportswear-dri-fit-everyday-essential-crew-socks-1dxMvC/DX5089-103,"https://static.nike.com/a/images/t_default/u_9ddf04c7-2a9a-4d76-add1-d15af8f0263d,c_scale,fl_relative,w_1.0,h_1.0,fl_layer_apply/1984e5fe-57b3-41af-8f87-98e6d69488e0/U+NK+NSW+EVERYDAY+ESSENTIAL+CR.png","Recycled Materials, SUSTAINABLE_MATERIALS",Nike Sportswear Dri-FIT Everyday Essential,Crew Socks (3 Pairs),PHP 845.00,PHP 549.00,,,1 Colour,White/Black/Black,DX5089-103,,
https://www.nike.com/ph/t/sportswear-dri-fit-everyday-essential-crew-socks-1dxMvC/DX5089-102,"https://static.nike.com/a/images/t_default/u_9ddf04c7-2a9a-4d76-add1-d15af8f0263d,c_scale,fl_relative,w_1.0,h_1.0,fl_layer_apply/bb93b2a5-f0cb-4ad0-bb2b-88e58b218153/U+NK+NSW+EVERYDAY+ESSENTIAL+CR.png","Recycled Materials, SUSTAINABLE_MATERIALS",Nike Sportswear Dri-FIT Everyday Essential,Crew Socks (3 Pairs),PHP 845.00,PHP 549.00,,,1 Colour,White/University Red/University Red,DX5089-102,,
https://www.nike.com/ph/t/sportswear-dri-fit-everyday-essential-crew-socks-1dxMvC/DX5089-010,"https://static.nike.com/a/images/t_default/u_9ddf04c7-2a9a-4d76-add1-d15af8f0263d,c_scale,fl_relative,w_1.0,h_1.0,fl_layer_apply/29b26d55-c379-48ac-ab28-b6674dc07395/U+NK+NSW+EVERYDAY+ESSENTIAL+CR.png","Recycled Materials, SUSTAINABLE_MATERIALS",Nike Sportswear Dri-FIT Everyday Essential,Crew Socks (3 Pairs),PHP 845.00,PHP 549.00,,,1 Colour,Black/White,DX5089-010,,
https://www.nike.com/ph/t/sportswear-dri-fit-everyday-essential-crew-socks-1dxMvC/DX5089-105,"https://static.nike.com/a/images/t_default/u_9ddf04c7-2a9a-4d76-add1-d15af8f0263d,c_scale,fl_relative,w_1.0,h_1.0,fl_layer_apply/8481ab19-c084-4ef4-8e2f-6bf9a3814432/U+NK+NSW+EVERYDAY+ESSENTIAL+CR.png","Recycled Materials, SUSTAINABLE_MATERIALS",Nike Sportswear Dri-FIT Everyday Essential,Crew Socks (3 Pairs),PHP 845.00,PHP 549.00,,,1 Colour,White/Game Royal/Game Royal,DX5089-105,,
https://www.nike.com/ph/t/jordan-flight-court-shoes-dJtQ08/FZ9854-606,"https://static.nike.com/a/images/t_default/u_126ab356-44d8-4a06-89b4-fcdcc8df0245,c_scale,fl_relative,w_1.0,h_1.0,fl_layer_apply/ad824392-4585-4e7c-bf99-9dc4d42d3100/WMNS+JORDAN+FLIGHT+COURT.png","Bestseller, BEST_SELLER",Jordan Flight Court,Women's Shoes,"PHP 5,795.00","PHP 3,767.00",,,1 Colour,Particle Rose/Pale Ivory/Enigma Stone,FZ9854-606,,
https://www.nike.com/ph/t/jordan-flight-court-shoes-dJtQ08/FZ9854-108,"https://static.nike.com/a/images/t_default/u_126ab356-44d8-4a06-89b4-fcdcc8df0245,c_scale,fl_relative,w_1.0,h_1.0,fl_layer_apply/13a56235-0c3b-405f-bae7-af4811dd6104/WMNS+JORDAN+FLIGHT+COURT.png","Bestseller, BEST_SELLER",Jordan Flight Court,Women's Shoes,"PHP 5,795.00","PHP 4,057.00",,,1 Colour,Pale Ivory/Muslin/Anthracite/Infrared 23,FZ9854-108,,
https://www.nike.com/ph/t/tatum-dri-fit-woven-shorts-FeBV3xGb/IH0598-010,"https://static.nike.com/a/images/t_default/u_126ab356-44d8-4a06-89b4-fcdcc8df0245,c_scale,fl_relative,w_1.0,h_1.0,fl_layer_apply/06ad2696-b6f7-43e0-8c92-174521588bad/M+J+DF+SPRT+WOVEN+SHORT+JT.png","Recycled Materials, SUSTAINABLE_MATERIALS",Tatum,Men's Dri-FIT Woven Shorts,"PHP 2,195.00","PHP 1,317.00",,,1 Colour,Black/Anthracite/University Red/University Red,IH0598-010,3,
https://www.nike.com/ph/t/cortez-textile-shoes-1Tm7zf/DZ2795-405,"https://static.nike.com/a/images/t_default/u_9ddf04c7-2a9a-4d76-add1-d15af8f0263d,c_scale,fl_relative,w_1.0,h_1.0,fl_layer_apply/f9f6e24b-a30f-4d78-bd7b-b5e8a6a9cc52/NIKE+CORTEZ.png","Recycled Materials, SUSTAINABLE_MATERIALS",Nike Cortez Textile,Women's Shoes,"PHP 4,995.00","PHP 2,997.00",,,1 Colour,Celestine Blue/White/Burgundy Crush,DZ2795-405,,
https://www.nike.com/ph/t/sb-zoom-janoski-og-skate-shoes-cGdJGP/FD6757-402,"https://static.nike.com/a/images/t_default/u_9ddf04c7-2a9a-4d76-add1-d15af8f0263d,c_scale,fl_relative,w_1.0,h_1.0,fl_layer_apply/51ba572d-a9f4-409f-a965-8c23a8a9cbc5/NIKE+SB+ZOOM+JANOSKI+OG%2B.png","Bestseller, BEST_SELLER",Nike SB Zoom Janoski OG+,Skate Shoes,"PHP 5,195.00","PHP 3,637.00",,,1 Colour,Obsidian/Obsidian/Black/Black,FD6757-402,,
https://www.nike.com/ph/t/p-6000-shoes-Cf06tP/BV1021-110,"https://static.nike.com/a/images/t_default/u_9ddf04c7-2a9a-4d76-add1-d15af8f0263d,c_scale,fl_relative,w_1.0,h_1.0,fl_layer_apply/873a17ee-d4be-49e2-804b-88be84bab00e/W+NIKE+P-6000.png","Bestseller, BEST_SELLER",Nike P-6000,Women's Shoes,"PHP 6,195.00","PHP 4,337.00",,,1 Colour,White/Metallic Silver/Black/Tattoo,BV1021-110,,
https://www.nike.com/ph/t/jordan-spizike-low-shoes-pBZk7c/FQ1759-009,"https://static.nike.com/a/images/t_default/u_126ab356-44d8-4a06-89b4-fcdcc8df0245,c_scale,fl_relative,w_1.0,h_1.0,fl_layer_apply/b5563ef0-5697-4046-8158-6e3412128060/JORDAN+SPIZIKE+LOW.png","Bestseller, BEST_SELLER",Jordan Spizike Low,Men's Shoes,"PHP 8,895.00","PHP 6,227.00",,,1 Colour,Black/Wolf Grey/White/Gym Red,FQ1759-009,,
https://www.nike.com/ph/t/jordan-spizike-low-shoes-pBZk7c/FQ1759-010,"https://static.nike.com/a/images/t_default/u_126ab356-44d8-4a06-89b4-fcdcc8df0245,c_scale,fl_relative,w_1.0,h_1.0,fl_layer_apply/47a56696-76e1-40f5-90b2-885fb9fa3bcb/JORDAN+SPIZIKE+LOW.png","Bestseller, BEST_SELLER",Jordan Spizike Low,Men's Shoes,"PHP 8,895.00","PHP 5,782.00",,,1 Colour,Black/White/Anthracite/White,FQ1759-010,,
https://www.nike.com/ph/t/air-jordan-1-mid-se-shoes-YdXLNukp/IO7449-600,"https://static.nike.com/a/images/t_default/u_126ab356-44d8-4a06-89b4-fcdcc8df0245,c_scale,fl_relative,w_1.0,h_1.0,fl_layer_apply/ae9b3f55-4644-4bf3-a35b-c49f0b5dfe31/AIR+JORDAN+1+MID+SE.png","Bestseller, BEST_SELLER",Air Jordan 1 Mid SE,Men's Shoes,"PHP 7,895.00","PHP 5,132.00",,,1 Colour,Team Red/Obsidian/Pale Vanilla,IO7449-600,5,
https://www.nike.com/ph/t/sportswear-futura-365-faux-fur-cross-body-bag-4PT5l5/FZ1326-010,"https://static.nike.com/a/images/t_default/u_9ddf04c7-2a9a-4d76-add1-d15af8f0263d,c_scale,fl_relative,w_1.0,h_1.0,fl_layer_apply/3228318d-3553-4d66-8456-4a863db450ac/NK+NSW+FTRA+365+FUR+CRSBY.png","Recycled Materials, SUSTAINABLE_MATERIALS",Nike Sportswear Futura 365,Faux Fur Cross-Body Bag (1L),"PHP 1,595.00",PHP 957.00,,,1 Colour,Black/Black/Black,FZ1326-010,4,
https://www.nike.com/ph/t/sportswear-futura-365-mini-backpack-FnZo4yWz/HV6622-126,"https://static.nike.com/a/images/t_default/u_9ddf04c7-2a9a-4d76-add1-d15af8f0263d,c_scale,fl_relative,w_1.0,h_1.0,fl_layer_apply/b71d8532-e98c-4418-b85d-7505cc682224/W+NSW+FUTURA365+MINI+BPK-SWIRL.png","Recycled Materials, SUSTAINABLE_MATERIALS",Nike Sportswear Futura 365,Women's Mini Backpack (6L),"PHP 1,795.00","PHP 1,167.00",,,1 Colour,Sand Drift/Rose Gold/Rose Gold,HV6622-126,,
https://www.nike.com/ph/t/sportswear-futura-365-mini-backpack-FnZo4yWz/HV6622-634,"https://static.nike.com/a/images/t_default/u_9ddf04c7-2a9a-4d76-add1-d15af8f0263d,c_scale,fl_relative,w_1.0,h_1.0,fl_layer_apply/c002bdb7-6293-4bd9-abe5-d8a3f8c618c9/W+NSW+FUTURA365+MINI+BPK-SWIRL.png","Recycled Materials, SUSTAINABLE_MATERIALS",Nike Sportswear Futura 365,Women's Mini Backpack (6L),"PHP 1,795.00","PHP 1,257.00",,,1 Colour,Sweet Beet/Sweet Beet/Burgundy Crush,HV6622-634,,
https://www.nike.com/ph/t/pegasus-trail-5-gore-tex-waterproof-trail-running-shoes-3LbCWQ/FQ0908-014,"https://static.nike.com/a/images/t_default/u_9ddf04c7-2a9a-4d76-add1-d15af8f0263d,c_scale,fl_relative,w_1.0,h_1.0,fl_layer_apply/0c8de13c-d7c0-4fc7-ad25-98d38ce0495b/NIKE+PEGASUS+TRAIL+5+GTX.png","Bestseller, BEST_SELLER",Nike Pegasus Trail 5 GORE-TEX,Men's Waterproof Trail-Running Shoes,"PHP 9,395.00","PHP 6,577.00",,,1 Colour,Black/Phantom/Tattoo/Volt Ice,FQ0908-014,5,
https://www.nike.com/ph/t/reactx-rejuven8-slides-N6DL7c/HV4479-701,"https://static.nike.com/a/images/t_default/u_9ddf04c7-2a9a-4d76-add1-d15af8f0263d,c_scale,fl_relative,w_1.0,h_1.0,fl_layer_apply/8d2c724b-5ce7-4cb6-a0bb-361305e9acb6/NIKE+REACTX+REJUVEN8+SLIDE.png","Bestseller, BEST_SELLER",Nike ReactX Rejuven8,Men's Slides,"PHP 3,295.00","PHP 2,636.00",,,1 Colour,Volt Ice/Volt Ice/Volt Ice,HV4479-701,,
https://www.nike.com/ph/t/swift-dri-fit-mid-rise-2-in-1-running-shorts-91NJpd/HJ5377-499,https://static.nike.com/a/images/t_default/04441f73-a62c-4ee6-8fff-f3f0a3addae9/AS+W+NK+SWIFT+DF+MR+2N1+SHRT.png,"Recycled Materials, SUSTAINABLE_MATERIALS",Nike Swift,Women's Dri-FIT Mid-Rise 2-in-1 Running Shorts,"PHP 2,195.00","PHP 1,537.00",,,1 Colour,World Indigo,HJ5377-499,,
https://www.nike.com/ph/t/swift-dri-fit-mid-rise-2-in-1-running-shorts-91NJpd/HJ5377-570,https://static.nike.com/a/images/t_default/f34f925f-a886-476b-8383-b9fdd6ba74f1/AS+W+NK+SWIFT+DF+MR+2N1+SHRT.png,"Bestseller, BEST_SELLER",Nike Swift,Women's Dri-FIT Mid-Rise 2-in-1 Running Shorts,"PHP 2,195.00","PHP 1,537.00",,,1 Colour,Sapphire/Midnight Navy,HJ5377-570,,
https://www.nike.com/ph/t/cosmic-runner-younger-shoes-LzvmDx/HM4400-012,"https://static.nike.com/a/images/t_default/u_9ddf04c7-2a9a-4d76-add1-d15af8f0263d,c_scale,fl_relative,w_1.0,h_1.0,fl_layer_apply/64573abe-94fc-48ca-8864-f88eca67914e/NIKE+COSMIC+RUNNER+%28PSV%29.png","Bestseller, BEST_SELLER",Nike Cosmic Runner,Younger Kids' Shoes,"PHP 2,595.00","PHP 2,076.00",,,1 Colour,Pencil Point/Light Crimson/Black/White,HM4400-012,,
https://www.nike.com/ph/t/cosmic-runner-younger-shoes-LzvmDx/HM4400-800,"https://static.nike.com/a/images/t_default/u_9ddf04c7-2a9a-4d76-add1-d15af8f0263d,c_scale,fl_relative,w_1.0,h_1.0,fl_layer_apply/676744ab-2e65-4314-bbec-15c1cf21436e/NIKE+COSMIC+RUNNER+%28PSV%29.png","Recycled Materials, SUSTAINABLE_MATERIALS",Nike Cosmic Runner,Younger Kids' Shoes,"PHP 2,595.00","PHP 1,817.00",,,1 Colour,Guava Ice/Orange Chalk/Summit White,HM4400-800,,
https://www.nike.com/ph/t/cosmic-runner-younger-shoes-LzvmDx/HM4400-602,"https://static.nike.com/a/images/t_default/u_9ddf04c7-2a9a-4d76-add1-d15af8f0263d,c_scale,fl_relative,w_1.0,h_1.0,fl_layer_apply/820d8bfc-0d60-4ca8-9653-eea4192a4d49/NIKE+COSMIC+RUNNER+%28PSV%29.png","Recycled Materials, SUSTAINABLE_MATERIALS",Nike Cosmic Runner,Younger Kids' Shoes,"PHP 2,595.00","PHP 2,076.00",,,1 Colour,Laser Fuchsia/Black/White,HM4400-602,,
https://www.nike.com/ph/t/jordan-sport-essentials-dri-fit-short-sleeve-top-h5kN3sCs/IF2354-645,"https://static.nike.com/a/images/t_default/u_126ab356-44d8-4a06-89b4-fcdcc8df0245,c_scale,fl_relative,w_1.0,h_1.0,fl_layer_apply/cf922daa-0e91-43e6-b916-73c69146a664/W+J+SPT+DF+ESS+SS+TOP.png","Recycled Materials, SUSTAINABLE_MATERIALS",Jordan Sport Essentials,Women's Dri-FIT Short-Sleeve Top,"PHP 1,695.00","PHP 1,187.00",,,1 Colour,Hyper Pink/Black,IF2354-645,,
https://www.nike.com/ph/t/brasilia-backpack-2sgrxX/DV9436-010,"https://static.nike.com/a/images/t_default/u_9ddf04c7-2a9a-4d76-add1-d15af8f0263d,c_scale,fl_relative,w_1.0,h_1.0,fl_layer_apply/a0e0aa2d-cc47-4a87-a698-3fc272f1ad24/Y+NK+BRSLA+BKPK+-+SP23.png","Recycled Materials, SUSTAINABLE_MATERIALS",Nike Brasilia,Kids' Backpack (18L),"PHP 1,595.00","PHP 1,279.00",,,1 Colour,Black/Black/White,DV9436-010,,
https://www.nike.com/ph/t/sportswear-pleated-skirt-uvlZrKuh/IM7464-390,https://static.nike.com/a/images/t_default/4b18a6a9-72fe-41e9-afa9-f70dadcad58a/AS+W+NSW+PLEATED+SKIRT.png,"Recycled Materials, SUSTAINABLE_MATERIALS",Nike Sportswear,Women's Pleated Skirt,"PHP 2,795.00","PHP 1,957.00",,,1 Colour,Seaweed/Sail,IM7464-390,,
https://www.nike.com/ph/t/sportswear-pleated-skirt-uvlZrKuh/IM7464-360,https://static.nike.com/a/images/t_default/409673a8-15a9-4b64-91b1-20f750af8769/AS+W+NSW+PLEATED+SKIRT.png,"Recycled Materials, SUSTAINABLE_MATERIALS",Nike Sportswear,Women's Pleated Skirt,"PHP 2,795.00","PHP 1,817.00",,,1 Colour,Light Liquid Lime/Sail,IM7464-360,,
https://www.nike.com/ph/t/sportswear-pleated-skirt-uvlZrKuh/IM7464-133,https://static.nike.com/a/images/t_default/de68647a-27a7-418d-8054-c6252ae36116/AS+W+NSW+PLEATED+SKIRT.png,"Recycled Materials, SUSTAINABLE_MATERIALS",Nike Sportswear,Women's Pleated Skirt,"PHP 2,795.00","PHP 1,817.00",,,1 Colour,Sail/Black,IM7464-133,,
https://www.nike.com/ph/t/sportswear-pleated-skirt-uvlZrKuh/IM7464-134,"https://static.nike.com/a/images/t_default/u_9ddf04c7-2a9a-4d76-add1-d15af8f0263d,c_scale,fl_relative,w_1.0,h_1.0,fl_layer_apply/5e258857-911f-4d95-baf2-6591b0604fc5/AS+W+NSW+PLEATED+SKIRT.png","Recycled Materials, SUSTAINABLE_MATERIALS",Nike Sportswear,Women's Pleated Skirt,"PHP 2,795.00","PHP 1,957.00",,,1 Colour,Sail/Sail,IM7464-134,,
https://www.nike.com/ph/t/jordan-23-72-easyon-shoes-t7Wtsh/HF3414-602,"https://static.nike.com/a/images/t_default/u_126ab356-44d8-4a06-89b4-fcdcc8df0245,c_scale,fl_relative,w_1.0,h_1.0,fl_layer_apply/c0f86d81-fd78-48e9-bb33-fada751a595d/JORDAN+23%2F7.2+EASYON+%28TD%29.png","Bestseller, BEST_SELLER",Jordan 23/7.2 EasyOn,Baby/Toddler Shoes,"PHP 2,595.00","PHP 1,687.00",,,1 Colour,Pink Gaze/Black/White,HF3414-602,,
https://www.nike.com/ph/t/reactx-rejuven8-shoes-XsrrS0/HV5062-501,"https://static.nike.com/a/images/t_default/u_9ddf04c7-2a9a-4d76-add1-d15af8f0263d,c_scale,fl_relative,w_1.0,h_1.0,fl_layer_apply/5984104f-1b18-4184-946a-2edb4f29ebd8/WMNS+NIKE+REACTX+REJUVEN8.png","Bestseller, BEST_SELLER",Nike ReactX Rejuven8,Women's Shoes,"PHP 3,895.00","PHP 2,532.00",,,1 Colour,Sapphire/Sapphire,HV5062-501,,
https://www.nike.com/ph/t/air-jordan-1-low-g-spiked-golf-shoes-qGBZQ0b9/IQ3417-002,"https://static.nike.com/a/images/t_default/u_126ab356-44d8-4a06-89b4-fcdcc8df0245,c_scale,fl_relative,w_1.0,h_1.0,fl_layer_apply/66dc254b-edd2-4190-afdb-a62f32416dfc/AIR+JORDAN+1+LOW+G+SPK.png","Bestseller, BEST_SELLER",Air Jordan 1 Low G Spiked,Golf Shoes,"PHP 9,695.00","PHP 6,787.00",,,1 Colour,Black/White/Varsity Red,IQ3417-002,5,
https://www.nike.com/ph/t/court-vision-mid-next-nature-shoes-VKCWFj/DN3577-101,"https://static.nike.com/a/images/t_default/u_9ddf04c7-2a9a-4d76-add1-d15af8f0263d,c_scale,fl_relative,w_1.0,h_1.0,fl_layer_apply/7ea697ac-86c7-4ae1-b609-2786657147c2/NIKE+COURT+VISION+MID+NN.png","Recycled Materials, SUSTAINABLE_MATERIALS",Nike Court Vision Mid Next Nature,Men's Shoes,"PHP 3,895.00","PHP 2,532.00",,,1 Colour,White/White/Black,DN3577-101,,
https://www.nike.com/ph/t/court-vision-mid-next-nature-shoes-VKCWFj/DN3577-001,"https://static.nike.com/a/images/t_default/u_9ddf04c7-2a9a-4d76-add1-d15af8f0263d,c_scale,fl_relative,w_1.0,h_1.0,fl_layer_apply/99528c30-cd75-4646-bfad-af571bf6ae6e/NIKE+COURT+VISION+MID+NN.png","Recycled Materials, SUSTAINABLE_MATERIALS",Nike Court Vision Mid Next Nature,Men's Shoes,"PHP 3,895.00","PHP 2,532.00",,,1 Colour,Black/Black/White,DN3577-001,,
https://www.nike.com/ph/t/pegasus-trail-5-trail-running-shoes-2jxMFQ/DV3864-302,"https://static.nike.com/a/images/t_default/u_9ddf04c7-2a9a-4d76-add1-d15af8f0263d,c_scale,fl_relative,w_1.0,h_1.0,fl_layer_apply/ccd5f711-4b2c-4c03-aa08-c608c2d5017f/NIKE+REACTX+PEGASUS+TRAIL+5.png","Recycled Materials, SUSTAINABLE_MATERIALS",Nike Pegasus Trail 5,Men's Trail-Running Shoes,"PHP 7,895.00","PHP 5,527.00",,,1 Colour,Clay Green/Bleached Turquoise/Seaweed/Burgundy Crush,DV3864-302,,
https://www.nike.com/ph/t/offcourt-slides-kJDhS7/BQ4632-011,"https://static.nike.com/a/images/t_default/u_9ddf04c7-2a9a-4d76-add1-d15af8f0263d,c_scale,fl_relative,w_1.0,h_1.0,fl_layer_apply/f49aba8b-8dff-4d62-9d0a-f316bd3ec0f8/WMNS+NIKE+OFFCOURT+SLIDE.png","Bestseller, BEST_SELLER",Nike Offcourt,Women's Slides,"PHP 1,895.00","PHP 1,327.00",,,1 Colour,Black/Summit White/Black,BQ4632-011,,
https://www.nike.com/ph/t/gt-hustle-academy-ep-basketball-shoes-dTknbG/FJ7808-104,"https://static.nike.com/a/images/t_default/u_9ddf04c7-2a9a-4d76-add1-d15af8f0263d,c_scale,fl_relative,w_1.0,h_1.0,fl_layer_apply/94bdcd8e-f942-4824-8173-dfddabb657ad/G.T.+HUSTLE+ACADEMY+EP.png","Recycled Materials, SUSTAINABLE_MATERIALS",G.T. Hustle Academy EP,Basketball Shoes,"PHP 4,995.00","PHP 3,247.00",,,1 Colour,Sail/White/Black/College Grey,FJ7808-104,,
https://www.nike.com/ph/t/gt-hustle-academy-ep-basketball-shoes-dTknbG/FJ7808-105,"https://static.nike.com/a/images/t_default/u_9ddf04c7-2a9a-4d76-add1-d15af8f0263d,c_scale,fl_relative,w_1.0,h_1.0,fl_layer_apply/52bbb0d9-cc94-4abf-81a0-bbb1887afbce/G.T.+HUSTLE+ACADEMY+EP.png","Recycled Materials, SUSTAINABLE_MATERIALS",G.T. Hustle Academy EP,Basketball Shoes,"PHP 4,995.00","PHP 3,247.00",,,1 Colour,White/Pink Blast/Black,FJ7808-105,5,
https://www.nike.com/ph/t/gt-hustle-academy-ep-basketball-shoes-dTknbG/FJ7808-007,"https://static.nike.com/a/images/t_default/u_9ddf04c7-2a9a-4d76-add1-d15af8f0263d,c_scale,fl_relative,w_1.0,h_1.0,fl_layer_apply/c843fc15-b926-4e76-8929-e8f144108e75/G.T.+HUSTLE+ACADEMY+EP.png","Recycled Materials, SUSTAINABLE_MATERIALS",G.T. Hustle Academy EP,Basketball Shoes,"PHP 4,995.00","PHP 3,497.00",,,1 Colour,Black/Volt/Bright Crimson,FJ7808-007,5,
https://www.nike.com/ph/t/air-jordan-1-mid-se-shoes-IF5Cq2IM/IB7110-002,"https://static.nike.com/a/images/t_default/u_126ab356-44d8-4a06-89b4-fcdcc8df0245,c_scale,fl_relative,w_1.0,h_1.0,fl_layer_apply/b1742367-57f1-458d-b596-8d42ad78afe0/AIR+JORDAN+1+MID+SE.png","Bestseller, BEST_SELLER",Air Jordan 1 Mid SE,Men's Shoes,"PHP 7,895.00","PHP 5,132.00",,,1 Colour,Black/Light Wild Mango/Olive Grey,IB7110-002,5,
https://www.nike.com/ph/t/tempo-luxe-dri-fit-2-in-1-running-shorts-eqZVgTN6/IQ3751-751,https://static.nike.com/a/images/t_default/86aabfe2-4722-4d9f-b456-dcc86ff7be9c/AS+W+NK+TEMPO+LUXE+2IN1+WOP2.png,"Recycled Materials, SUSTAINABLE_MATERIALS",Nike Tempo Luxe,Women's Dri-FIT 2-in-1 Running Shorts,"PHP 2,195.00","PHP 1,537.00",,,1 Colour,Life Lime/Life Lime/Sea Glass/Oxygen Purple,IQ3751-751,,
https://www.nike.com/ph/t/tempo-luxe-dri-fit-2-in-1-running-shorts-eqZVgTN6/IQ3751-019,https://static.nike.com/a/images/t_default/81d7629e-f869-4cdb-b18e-11aac01cf558/AS+W+NK+TEMPO+LUXE+2IN1+WOP2.png,"Recycled Materials, SUSTAINABLE_MATERIALS",Nike Tempo Luxe,Women's Dri-FIT 2-in-1 Running Shorts,"PHP 2,195.00","PHP 1,537.00",,,1 Colour,Platinum Violet/Dark Smoke Grey/Platinum Violet/Dark Smoke Grey,IQ3751-019,,
https://www.nike.com/ph/t/metcon-10-workout-shoes-bQZc6hPl/HJ1875-301,"https://static.nike.com/a/images/t_default/u_9ddf04c7-2a9a-4d76-add1-d15af8f0263d,c_scale,fl_relative,w_1.0,h_1.0,fl_layer_apply/25808ba1-bc47-44b5-a43e-4780c8a9f9fb/M+NIKE+METCON+10.png","Bestseller, BEST_SELLER",Nike Metcon 10,Men's Workout Shoes,"PHP 8,595.00","PHP 6,017.00",,,1 Colour,Green Strike/Light Liquid Lime/Black,HJ1875-301,4,
https://www.nike.com/ph/t/dri-fit-pro-structured-futura-cap-mQ00S5/FB5380-100,"https://static.nike.com/a/images/t_default/u_9ddf04c7-2a9a-4d76-add1-d15af8f0263d,c_scale,fl_relative,w_1.0,h_1.0,fl_layer_apply/3e7a88d8-ea1a-4b67-9b23-97c3fc1f825f/U+NK+DF+PRO+CAP+S+FB+FUT+L.png","Recycled Materials, SUSTAINABLE_MATERIALS",Nike Dri-FIT Pro,Structured Futura Cap,"PHP 1,295.00",PHP 907.00,,,1 Colour,White/White/Wolf Grey/Black,FB5380-100,5,
https://www.nike.com/ph/t/sabrina-3-older-basketball-shoes-7LnRDu46/IB3088-300,"https://static.nike.com/a/images/t_default/u_9ddf04c7-2a9a-4d76-add1-d15af8f0263d,c_scale,fl_relative,w_1.0,h_1.0,fl_layer_apply/cc933d6c-8035-4f9f-946d-c4ccee6a691a/SABRINA+3+%28GS%29.png","Sold Out, OUT_OF_STOCK",Sabrina 3,Older Kids' Basketball Shoes,"PHP 5,095.00","PHP 3,057.00",,,1 Colour,Clay Green/Seafoam/Volt Tint/Sequoia,IB3088-300,,
https://www.nike.com/ph/t/sabrina-3-shooter-older-basketball-shoes-7LnRDu46/IB3088-003,"https://static.nike.com/a/images/t_default/u_9ddf04c7-2a9a-4d76-add1-d15af8f0263d,c_scale,fl_relative,w_1.0,h_1.0,fl_layer_apply/b9a01cfc-30cb-4814-b328-de072bfd568d/SABRINA+3+%28GS%29.png","Bestseller, BEST_SELLER",Sabrina 3 'Shooter',Older Kids' Basketball Shoes,"PHP 5,095.00","PHP 4,076.00",,,1 Colour,Iron Grey/Barely Volt/Mint Foam/Aluminium,IB3088-003,,
https://www.nike.com/ph/t/pacific-shoes-c7GpAPm7/HQ2052-200,"https://static.nike.com/a/images/t_default/u_9ddf04c7-2a9a-4d76-add1-d15af8f0263d,c_scale,fl_relative,w_1.0,h_1.0,fl_layer_apply/e1032769-6226-43ee-b3b9-cb3f8e41056c/NIKE+PACIFIC.png","Recycled Materials, SUSTAINABLE_MATERIALS",Nike Pacific,Men's Shoes,"PHP 4,295.00","PHP 2,792.00",,,1 Colour,Desert Khaki/Black/Sail/Picante Red,HQ2052-200,,
https://www.nike.com/ph/t/pacific-shoes-c7GpAPm7/HQ2052-600,"https://static.nike.com/a/images/t_default/u_9ddf04c7-2a9a-4d76-add1-d15af8f0263d,c_scale,fl_relative,w_1.0,h_1.0,fl_layer_apply/67bdeb49-788a-428b-ae44-071c0db13621/NIKE+PACIFIC.png","Recycled Materials, SUSTAINABLE_MATERIALS",Nike Pacific,Men's Shoes,"PHP 4,295.00","PHP 2,792.00",,,1 Colour,Team Crimson/Black/Gum Light Brown/White,HQ2052-600,,
https://www.nike.com/ph/t/star-runner-5-older-running-shoes-sesjy3bI/HF7004-602,"https://static.nike.com/a/images/t_default/u_9ddf04c7-2a9a-4d76-add1-d15af8f0263d,c_scale,fl_relative,w_1.0,h_1.0,fl_layer_apply/bd77fdbd-866e-4f6d-9f7f-a3c7648f3727/NIKE+STAR+RUNNER+5+%28GS%29.png","Bestseller, BEST_SELLER",Nike Star Runner 5,Older Kids' Running Shoes,"PHP 3,195.00","PHP 2,556.00",,,1 Colour,Silt Red/Light Magenta/Laser Orange/Sail,HF7004-602,,
https://www.nike.com/ph/t/star-runner-5-older-running-shoes-sesjy3bI/HF7004-403,"https://static.nike.com/a/images/t_default/u_9ddf04c7-2a9a-4d76-add1-d15af8f0263d,c_scale,fl_relative,w_1.0,h_1.0,fl_layer_apply/912385c1-f222-4bb3-bdb2-3aa9aecc0f98/NIKE+STAR+RUNNER+5+%28GS%29.png","Bestseller, BEST_SELLER",Nike Star Runner 5,Older Kids' Running Shoes,"PHP 3,195.00","PHP 2,237.00",,,1 Colour,Midnight Navy/University Blue/Lime Blast/Laser Orange,HF7004-403,,
https://www.nike.com/ph/t/aura-backpack-8g97mWnG/IB6197-229,"https://static.nike.com/a/images/t_default/u_9ddf04c7-2a9a-4d76-add1-d15af8f0263d,c_scale,fl_relative,w_1.0,h_1.0,fl_layer_apply/d39ce389-723a-42c3-a7da-36d28ac61043/NK+AURA+BKPK-CORD.png","Recycled Materials, SUSTAINABLE_MATERIALS",Nike Aura,Backpack (24L),"PHP 3,395.00","PHP 2,377.00",,,1 Colour,Light Khaki/Light Khaki/Light Transparent Gold,IB6197-229,,
https://www.nike.com/ph/t/aura-backpack-8g97mWnG/IB6197-017,"https://static.nike.com/a/images/t_default/u_9ddf04c7-2a9a-4d76-add1-d15af8f0263d,c_scale,fl_relative,w_1.0,h_1.0,fl_layer_apply/2bbd2088-e994-4248-95f6-b332d5e318e7/NK+AURA+BKPK-CORD.png","Recycled Materials, SUSTAINABLE_MATERIALS",Nike Aura,Backpack (24L),"PHP 3,395.00","PHP 2,037.00",,,1 Colour,Cannon/Cannon/MT SILVER BRL,IB6197-017,,
https://www.nike.com/ph/t/pegasus-trail-5-trail-running-shoes-1NsktP/DV3865-800,"https://static.nike.com/a/images/t_default/u_9ddf04c7-2a9a-4d76-add1-d15af8f0263d,c_scale,fl_relative,w_1.0,h_1.0,fl_layer_apply/ec9d259c-5ad9-4f1e-9659-8c468dceb9fe/W+NIKE+REACTX+PEGASUS+TRAIL+5.png","Recycled Materials, SUSTAINABLE_MATERIALS",Nike Pegasus Trail 5,Women's Trail-Running Shoes,"PHP 7,895.00","PHP 4,737.00",,,1 Colour,Orange Pulse/Ghost/Alabaster/Black,DV3865-800,,
https://www.nike.com/ph/t/kd18-prm-ep-basketball-shoes-nu8rKqRq/IB6683-400,"https://static.nike.com/a/images/t_default/u_9ddf04c7-2a9a-4d76-add1-d15af8f0263d,c_scale,fl_relative,w_1.0,h_1.0,fl_layer_apply/357086d4-c696-4ad9-81d0-86c252629a4c/KD18+PRM+EP.png","Bestseller, BEST_SELLER",KD18 PRM EP,Basketball Shoes,"PHP 9,095.00","PHP 5,912.00",,,1 Colour,International Blue/Black/Multi-Colour,IB6683-400,,
https://www.nike.com/ph/t/stellar-ride-older-running-shoes-Fe7hB54y/HQ3266-403,"https://static.nike.com/a/images/t_default/u_9ddf04c7-2a9a-4d76-add1-d15af8f0263d,c_scale,fl_relative,w_1.0,h_1.0,fl_layer_apply/5b55dbf4-dfca-455a-a8be-287f55958362/NIKE+STELLAR+RIDE+%28GS%29.png","Bestseller, BEST_SELLER",Nike Stellar Ride,Older Kids' Running Shoes,"PHP 3,395.00","PHP 2,377.00",,,1 Colour,Old Royal/Mystic Navy/Laser Orange/University Blue,HQ3266-403,,
https://www.nike.com/ph/t/jordan-flight-court-shoes-PjpdDM/HF3255-105,"https://static.nike.com/a/images/t_default/u_126ab356-44d8-4a06-89b4-fcdcc8df0245,c_scale,fl_relative,w_1.0,h_1.0,fl_layer_apply/5d17bb3d-d5b7-4737-94b3-74968e1197d6/JORDAN+FLIGHT+COURT.png","Bestseller, BEST_SELLER",Jordan Flight Court,Men's Shoes,"PHP 5,795.00","PHP 4,636.00",,,1 Colour,White/Vast Grey,HF3255-105,,
https://www.nike.com/ph/t/ava-rover-shoes-1CNHU80y/DX4215-009,"https://static.nike.com/a/images/t_default/u_9ddf04c7-2a9a-4d76-add1-d15af8f0263d,c_scale,fl_relative,w_1.0,h_1.0,fl_layer_apply/08564202-936b-4ae5-9ee2-41af53153a49/NIKE+AVA+ROVER.png","Bestseller, BEST_SELLER",Nike Ava Rover,Shoes,"PHP 7,595.00","PHP 4,937.00",,,1 Colour,Iron Grey/College Navy/Black/Black,DX4215-009,,
https://www.nike.com/ph/t/ava-rover-shoes-1CNHU80y/DX4215-206,"https://static.nike.com/a/images/t_default/u_9ddf04c7-2a9a-4d76-add1-d15af8f0263d,c_scale,fl_relative,w_1.0,h_1.0,fl_layer_apply/1d417a3e-1f29-4e29-a600-3ff4710a55b2/NIKE+AVA+ROVER.png","Recycled Materials, SUSTAINABLE_MATERIALS",Nike Ava Rover,Shoes,"PHP 7,595.00","PHP 4,937.00",,,1 Colour,Earth/Black/Dark Smoke Grey/Black,DX4215-206,,
https://www.nike.com/ph/t/ava-rover-shoes-1CNHU80y/DX4215-304,"https://static.nike.com/a/images/t_default/u_9ddf04c7-2a9a-4d76-add1-d15af8f0263d,c_scale,fl_relative,w_1.0,h_1.0,fl_layer_apply/92d4b5df-0395-41c0-b208-12d3bd9af473/NIKE+AVA+ROVER.png","Recycled Materials, SUSTAINABLE_MATERIALS",Nike Ava Rover,Shoes,"PHP 7,595.00","PHP 4,937.00",,,1 Colour,Desert Moss/Desert Moss/Desert Moss/Black,DX4215-304,,
https://www.nike.com/ph/t/air-max-phoenix-shoes-LpNqGaZz/HF7051-105,"https://static.nike.com/a/images/t_default/u_9ddf04c7-2a9a-4d76-add1-d15af8f0263d,c_scale,fl_relative,w_1.0,h_1.0,fl_layer_apply/656ad4c6-7257-4de5-9dc6-b39d50fa01f5/AIR+MAX+PHOENIX+%28TD%29.png","Bestseller, BEST_SELLER",Nike Air Max Phoenix,Baby & Toddler Shoes,"PHP 4,895.00","PHP 3,427.00",,,1 Colour,White/Black/Team Red,HF7051-105,,
https://www.nike.com/ph/t/star-runner-5-shoes-iffzF02n/HF7006-602,"https://static.nike.com/a/images/t_default/u_9ddf04c7-2a9a-4d76-add1-d15af8f0263d,c_scale,fl_relative,w_1.0,h_1.0,fl_layer_apply/588e770e-19fb-4b5c-a97c-edff1ef82a06/NIKE+STAR+RUNNER+5+%28TD%29.png","Bestseller, BEST_SELLER",Nike Star Runner 5,Baby/Toddler Shoes,"PHP 2,595.00","PHP 2,076.00",,,1 Colour,Silt Red/Light Magenta/Laser Orange/Sail,HF7006-602,2,
https://www.nike.com/ph/t/star-runner-5-shoes-iffzF02n/HF7006-300,"https://static.nike.com/a/images/t_default/u_9ddf04c7-2a9a-4d76-add1-d15af8f0263d,c_scale,fl_relative,w_1.0,h_1.0,fl_layer_apply/ca01c7b8-35db-4480-81f1-fb48a4869c01/NIKE+STAR+RUNNER+5+%28TD%29.png","Recycled Materials, SUSTAINABLE_MATERIALS",Nike Star Runner 5,Baby/Toddler Shoes,"PHP 2,595.00","PHP 1,298.00",,,1 Colour,Green Strike/Imperial Purple/White,HF7006-300,2,
https://www.nike.com/ph/t/star-runner-5-shoes-iffzF02n/HF7006-403,"https://static.nike.com/a/images/t_default/u_9ddf04c7-2a9a-4d76-add1-d15af8f0263d,c_scale,fl_relative,w_1.0,h_1.0,fl_layer_apply/b366a435-b8d2-4dbd-92f9-59664db8ecbf/NIKE+STAR+RUNNER+5+%28TD%29.png","Bestseller, BEST_SELLER",Nike Star Runner 5,Baby/Toddler Shoes,"PHP 2,595.00","PHP 2,076.00",,,1 Colour,Midnight Navy/University Blue/Lime Blast/Laser Orange,HF7006-403,2,
https://www.nike.com/ph/t/one-dri-fit-loose-7-5cm-brief-lined-shorts-ERP37XRJ/HV3504-010,https://static.nike.com/a/images/t_default/145157d8-4daa-4f88-8ef0-542af849a3c2/AS+W+NK+ONE+DF+HR+3IN+BR+SHORT.png,"Recycled Materials, SUSTAINABLE_MATERIALS",Nike One,Women's Dri-FIT Loose 7.5cm (approx.) Brief-Lined Shorts,"PHP 1,995.00","PHP 1,397.00",,,1 Colour,Black/Dark Smoke Grey,HV3504-010,,
https://www.nike.com/ph/t/zoom-fly-6-eliud-kipchoge-road-racing-shoes-zjEPFjQu/HJ7038-600,"https://static.nike.com/a/images/t_default/u_9ddf04c7-2a9a-4d76-add1-d15af8f0263d,c_scale,fl_relative,w_1.0,h_1.0,fl_layer_apply/06e1c4bf-9ecd-4f33-af78-90157c16562c/ZOOM+FLY+6+EK.png","Sold Out, OUT_OF_STOCK",Nike Zoom Fly 6 'Eliud Kipchoge',Men's Road Racing Shoes,"PHP 9,895.00","PHP 5,937.00",,,1 Colour,Silt Red/Persian Violet/Fire Pink/Green Shock,HJ7038-600,,
https://www.nike.com/ph/t/journey-run-road-running-shoes-Q5kF8v/FN0228-108,"https://static.nike.com/a/images/t_default/u_9ddf04c7-2a9a-4d76-add1-d15af8f0263d,c_scale,fl_relative,w_1.0,h_1.0,fl_layer_apply/bf85b23c-e4b8-40ff-81bb-03a7794d9829/NIKE+JOURNEY+RUN.png","Recycled Materials, SUSTAINABLE_MATERIALS",Nike Journey Run,Men's Road Running Shoes,"PHP 4,995.00","PHP 3,247.00",,,1 Colour,White/Pure Platinum/Black/Blue Hero,FN0228-108,,
https://www.nike.com/ph/t/journey-run-road-running-shoes-Q5kF8v/FN0228-110,"https://static.nike.com/a/images/t_default/u_9ddf04c7-2a9a-4d76-add1-d15af8f0263d,c_scale,fl_relative,w_1.0,h_1.0,fl_layer_apply/8549eb7d-07ac-4fe2-87c4-7bfc1b2d4e39/NIKE+JOURNEY+RUN.png","Recycled Materials, SUSTAINABLE_MATERIALS",Nike Journey Run,Men's Road Running Shoes,"PHP 4,995.00","PHP 3,247.00",,,1 Colour,White/Spruce Aura/Topaz Gold/Bright Crimson,FN0228-110,,
https://www.nike.com/ph/t/journey-run-road-running-shoes-Q5kF8v/FN0228-001,"https://static.nike.com/a/images/t_default/u_9ddf04c7-2a9a-4d76-add1-d15af8f0263d,c_scale,fl_relative,w_1.0,h_1.0,fl_layer_apply/202a7dc4-eae7-4e5c-bd7b-92c903f30368/NIKE+JOURNEY+RUN.png","Bestseller, BEST_SELLER",Nike Journey Run,Men's Road Running Shoes,"PHP 4,995.00","PHP 3,999.00",,,1 Colour,Black/Anthracite/White,FN0228-001,,
https://www.nike.com/ph/t/journey-run-road-running-shoes-Q5kF8v/FN0228-109,"https://static.nike.com/a/images/t_default/u_9ddf04c7-2a9a-4d76-add1-d15af8f0263d,c_scale,fl_relative,w_1.0,h_1.0,fl_layer_apply/ef6eeba6-6f8c-4ca3-b824-7fd86529e019/NIKE+JOURNEY+RUN.png","Recycled Materials, SUSTAINABLE_MATERIALS",Nike Journey Run,Men's Road Running Shoes,"PHP 4,995.00","PHP 3,247.00",,,1 Colour,White/Green Strike/Glacier Blue/Black,FN0228-109,,
https://www.nike.com/ph/t/journey-run-road-running-shoes-Q5kF8v/FN0228-106,"https://static.nike.com/a/images/t_default/u_9ddf04c7-2a9a-4d76-add1-d15af8f0263d,c_scale,fl_relative,w_1.0,h_1.0,fl_layer_apply/e79ae592-ce85-4ae4-8ed7-f66aa0560590/NIKE+JOURNEY+RUN.png","Recycled Materials, SUSTAINABLE_MATERIALS",Nike Journey Run,Men's Road Running Shoes,"PHP 4,995.00","PHP 3,497.00",,,1 Colour,White/Wolf Grey/Pure Platinum/Bright Crimson,FN0228-106,,
https://www.nike.com/ph/t/court-shot-shoes-ZfRXql/FQ8146-104,"https://static.nike.com/a/images/t_default/u_9ddf04c7-2a9a-4d76-add1-d15af8f0263d,c_scale,fl_relative,w_1.0,h_1.0,fl_layer_apply/05aa8dae-fb0d-4ed1-a966-2dd8df4c676b/COURT+SHOT.png","Recycled Materials, SUSTAINABLE_MATERIALS",Nike Court Shot,Men's Shoes,"PHP 4,095.00","PHP 2,867.00",,,1 Colour,White/Black,FQ8146-104,,
https://www.nike.com/ph/t/stride-dri-fit-adv-short-sleeve-running-top-TMGAKO6M/IF2089-236,https://static.nike.com/a/images/t_default/7e6cde89-bccb-4037-9561-ae03bf5efbc9/AS+M+NK+DFADV+STRIDE+NVLTY+SS.png,"Bestseller, BEST_SELLER",Nike Stride,Men's Dri-FIT ADV Short-Sleeve Running Top,"PHP 2,795.00","PHP 2,236.00",,,1 Colour,Cream II/Mink Brown,IF2089-236,,
https://www.nike.com/ph/t/pegasus-trail-5-older-trail-running-shoes-dt78bJmx/FV5638-006,"https://static.nike.com/a/images/t_default/u_9ddf04c7-2a9a-4d76-add1-d15af8f0263d,c_scale,fl_relative,w_1.0,h_1.0,fl_layer_apply/51beeb75-6307-4acd-962c-326b0a2180b3/NIKE+PEGASUS+TRAIL+5+%28GS%29.png","Bestseller, BEST_SELLER",Nike Pegasus Trail 5,Older Kids' Trail-Running Shoes,"PHP 5,895.00","PHP 4,127.00",,,1 Colour,Black/Volt Ice/Phantom,FV5638-006,,
https://www.nike.com/ph/t/flex-runner-4-older-running-shoes-SgLos7rm/IF2893-600,"https://static.nike.com/a/images/t_default/u_9ddf04c7-2a9a-4d76-add1-d15af8f0263d,c_scale,fl_relative,w_1.0,h_1.0,fl_layer_apply/412153e0-b261-4711-a859-86d9919ef055/FLEX+RUNNER+4+%28GS%29.png","Bestseller, BEST_SELLER",Nike Flex Runner 4,Older Kids' Running Shoes,"PHP 2,595.00","PHP 1,687.00",,,1 Colour,Medium Soft Pink/Pink Foam/White/Medium Soft Pink,IF2893-600,,
https://www.nike.com/ph/t/air-max-dn-roam-shoes-U9gINXlF/HQ8605-001,"https://static.nike.com/a/images/t_default/u_9ddf04c7-2a9a-4d76-add1-d15af8f0263d,c_scale,fl_relative,w_1.0,h_1.0,fl_layer_apply/8df59fc3-af05-4377-9596-f0ee42a007b3/AIR+MAX+DN+ROAM.png","Bestseller, BEST_SELLER",Nike Air Max Dn Roam,Men's Shoes,"PHP 10,295.00","PHP 6,692.00",,,1 Colour,Black/Black/Black/Metallic Silver,HQ8605-001,,
https://www.nike.com/ph/t/one-high-waisted-flared-leggings-vcJvijDa/IB9136-504,https://static.nike.com/a/images/t_default/d20bbcfe-a1a3-441b-94ee-be17e3d4b7cf/AS+W+NK+ONE+DF+HR+TGHT+FLRE+US.png,"Recycled Materials, SUSTAINABLE_MATERIALS",Nike One,Women's High-Waisted Flared Leggings,"PHP 2,795.00","PHP 2,236.00",,,1 Colour,Tattoo/White,IB9136-504,,
https://www.nike.com/ph/t/air-max-nuaxis-shoes-M51F5J/FD4329-004,"https://static.nike.com/a/images/t_default/u_9ddf04c7-2a9a-4d76-add1-d15af8f0263d,c_scale,fl_relative,w_1.0,h_1.0,fl_layer_apply/98bbe852-ef51-426f-910a-9cc9f4804e07/NIKE+AIR+MAX+NUAXIS.png","Recycled Materials, SUSTAINABLE_MATERIALS",Nike Air Max Nuaxis,Men's Shoes,"PHP 4,995.00","PHP 3,497.00",,,1 Colour,Black/Anthracite/Black,FD4329-004,,
https://www.nike.com/ph/t/aura-edge-shoes-cEPO3uOd/HQ7025-001,"https://static.nike.com/a/images/t_default/u_9ddf04c7-2a9a-4d76-add1-d15af8f0263d,c_scale,fl_relative,w_1.0,h_1.0,fl_layer_apply/bce8072f-6a10-4a32-a5d2-2dfb358dcf6e/WMNS+NIKE+AURA+EDGE.png","Bestseller, BEST_SELLER",Nike Aura Edge,Women's Shoes,"PHP 5,195.00","PHP 3,637.00",,,1 Colour,Platinum Violet/Vast Grey/Tattoo,HQ7025-001,5,
https://www.nike.com/ph/t/flex-runner-4-shoes-xzrsDEX4/IF2895-001,"https://static.nike.com/a/images/t_default/u_9ddf04c7-2a9a-4d76-add1-d15af8f0263d,c_scale,fl_relative,w_1.0,h_1.0,fl_layer_apply/eb4bcaab-88ac-485c-b38d-e01fa0e72c5a/FLEX+RUNNER+4+%28TD%29.png","Bestseller, BEST_SELLER",Nike Flex Runner 4,Baby/Toddler Shoes,"PHP 2,095.00","PHP 1,676.00",,,1 Colour,Black/Anthracite/Black,IF2895-001,,
https://www.nike.com/ph/t/everyday-crew-basketball-socks-t6mW9X/DA2123-010,"https://static.nike.com/a/images/t_default/u_9ddf04c7-2a9a-4d76-add1-d15af8f0263d,c_scale,fl_relative,w_1.0,h_1.0,fl_layer_apply/8d1aede9-402e-4c7b-8e15-a618bc9300e0/U+NK+ED+CREW+BBALL+3PR+144.png","Bestseller, BEST_SELLER",Nike Everyday Crew,Basketball Socks (3 Pairs),PHP 945.00,PHP 614.00,,,1 Colour,Black/White,DA2123-010,,
https://www.nike.com/ph/t/everyday-crew-basketball-socks-t6mW9X/DA2123-100,"https://static.nike.com/a/images/t_default/u_9ddf04c7-2a9a-4d76-add1-d15af8f0263d,c_scale,fl_relative,w_1.0,h_1.0,fl_layer_apply/c7365c16-8468-4f57-9bc4-e6a50394a3c0/U+NK+ED+CREW+BBALL+3PR+144.png","Bestseller, BEST_SELLER",Nike Everyday Crew,Basketball Socks (3 Pairs),PHP 945.00,PHP 662.00,,,1 Colour,White/Black,DA2123-100,,
https://www.nike.com/ph/t/air-max-fire-shoes-93FzG1m5/IR0819-100,"https://static.nike.com/a/images/t_default/u_9ddf04c7-2a9a-4d76-add1-d15af8f0263d,c_scale,fl_relative,w_1.0,h_1.0,fl_layer_apply/30e0034c-e16e-4529-a5be-5f8fc2b2ab3a/AIR+MAX+FIRE.png","Bestseller, BEST_SELLER",Nike Air Max Fire,Men's Shoes,"PHP 5,795.00","PHP 3,767.00",,,1 Colour,White/Black/White,IR0819-100,5,
https://www.nike.com/ph/t/dunk-low-lego-collection-older-shoes-WtheybGj/IF2117-100,"https://static.nike.com/a/images/t_default/u_9ddf04c7-2a9a-4d76-add1-d15af8f0263d,c_scale,fl_relative,w_1.0,h_1.0,fl_layer_apply/74b55767-7229-404d-abed-0ced51151b4b/NIKE+DUNK+LOW+x+LEGO+COL+GS.png","Bestseller, BEST_SELLER",Nike Dunk Low x LEGO® Collection,Older Kids' Shoes,"PHP 6,295.00","PHP 4,407.00",,,1 Colour,Sail/Black/Rush Red/Sail,IF2117-100,4,
https://www.nike.com/ph/t/air-force-1-07-shoes-kQpVVC8D/FD9763-101,"https://static.nike.com/a/images/t_default/u_9ddf04c7-2a9a-4d76-add1-d15af8f0263d,c_scale,fl_relative,w_1.0,h_1.0,fl_layer_apply/18bdc880-9c69-477a-ac86-f2b86aafd375/AIR+FORCE+1+%2707.png","Bestseller, BEST_SELLER",Nike Air Force 1 '07,Men's Shoes,"PHP 7,595.00","PHP 5,317.00",,,1 Colour,White/White/Light Smoke Grey/Light Smoke Grey,FD9763-101,,
https://www.nike.com/ph/t/club-cap-dGMuTP5o/HQ0363-133,"https://static.nike.com/a/images/t_default/u_9ddf04c7-2a9a-4d76-add1-d15af8f0263d,c_scale,fl_relative,w_1.0,h_1.0,fl_layer_apply/c978f2cc-c867-48a0-9ed2-03f41d671e8a/U+NK+CLUB+CAP+U+CB+PREM+F25+L.png","Recycled Materials, SUSTAINABLE_MATERIALS",Nike Club,Premium Cap,"PHP 1,395.00",PHP 977.00,,,1 Colour,Sail/Sail,HQ0363-133,,
https://www.nike.com/ph/t/club-cap-dGMuTP5o/HQ0363-410,"https://static.nike.com/a/images/t_default/u_9ddf04c7-2a9a-4d76-add1-d15af8f0263d,c_scale,fl_relative,w_1.0,h_1.0,fl_layer_apply/c5b3588b-0671-4f0c-bd83-4c20bdd2b7cd/U+NK+CLUB+CAP+U+CB+PREM+F25+L.png","Recycled Materials, SUSTAINABLE_MATERIALS",Nike Club,Premium Cap,"PHP 1,395.00","PHP 1,116.00",,,1 Colour,Midnight Navy/Midnight Navy,HQ0363-410,,
https://www.nike.com/ph/t/cosmic-runner-older-road-running-shoes-cbWZ1K/HM4402-012,"https://static.nike.com/a/images/t_default/u_9ddf04c7-2a9a-4d76-add1-d15af8f0263d,c_scale,fl_relative,w_1.0,h_1.0,fl_layer_apply/10adeb5c-191a-4f08-b41b-e16c83211913/NIKE+COSMIC+RUNNER+%28GS%29.png","Bestseller, BEST_SELLER",Nike Cosmic Runner,Older Kids' Road Running Shoes,"PHP 2,895.00","PHP 2,027.00",,,1 Colour,Pencil Point/Light Crimson/Black/White,HM4402-012,,
https://www.nike.com/ph/t/cosmic-runner-older-road-running-shoes-cbWZ1K/HM4402-800,"https://static.nike.com/a/images/t_default/u_9ddf04c7-2a9a-4d76-add1-d15af8f0263d,c_scale,fl_relative,w_1.0,h_1.0,fl_layer_apply/4926551f-831f-40c4-937e-cfc43b5e80b5/NIKE+COSMIC+RUNNER+%28GS%29.png","Recycled Materials, SUSTAINABLE_MATERIALS",Nike Cosmic Runner,Older Kids' Road Running Shoes,"PHP 2,895.00","PHP 1,882.00",,,1 Colour,Guava Ice/Orange Chalk/Summit White,HM4402-800,,
https://www.nike.com/ph/t/cosmic-runner-older-road-running-shoes-cbWZ1K/HM4402-602,"https://static.nike.com/a/images/t_default/u_9ddf04c7-2a9a-4d76-add1-d15af8f0263d,c_scale,fl_relative,w_1.0,h_1.0,fl_layer_apply/50c53d30-f818-4ab8-b205-1ed68dfca099/NIKE+COSMIC+RUNNER+%28GS%29.png","Recycled Materials, SUSTAINABLE_MATERIALS",Nike Cosmic Runner,Older Kids' Road Running Shoes,"PHP 2,895.00","PHP 2,316.00",,,1 Colour,Laser Fuchsia/Black/White,HM4402-602,,
https://www.nike.com/ph/t/support-padded-bra-tank-fUb7OPgE/IM7644-389,https://static.nike.com/a/images/t_default/ced652fc-cf59-47ab-9978-60ca2167e1b6/AS+W+NK+BRA+TANK+XWAP.png,"Recycled Materials, SUSTAINABLE_MATERIALS",Nike,Women's Medium-Support Padded Bra Tank,"PHP 3,295.00","PHP 1,977.00",,,1 Colour,Cyber,IM7644-389,,
https://www.nike.com/ph/t/air-max-portal-shoes-JDRVJw/HF3053-400,"https://static.nike.com/a/images/t_default/u_9ddf04c7-2a9a-4d76-add1-d15af8f0263d,c_scale,fl_relative,w_1.0,h_1.0,fl_layer_apply/98d31aba-2d9a-4f94-a0e9-cbbb8647a79f/W+NIKE+AIR+MAX+PORTAL.png","Recycled Materials, SUSTAINABLE_MATERIALS",Nike Air Max Portal,Women's Shoes,"PHP 6,195.00","PHP 3,717.00",,,1 Colour,Midnight Navy/Summit White,HF3053-400,,
https://www.nike.com/ph/t/air-max-portal-shoes-JDRVJw/HF3053-020,"https://static.nike.com/a/images/t_default/u_9ddf04c7-2a9a-4d76-add1-d15af8f0263d,c_scale,fl_relative,w_1.0,h_1.0,fl_layer_apply/a89ae01a-90ab-4100-b43b-6becf9858e64/W+NIKE+AIR+MAX+PORTAL.png","Bestseller, BEST_SELLER",Nike Air Max Portal,Women's Shoes,"PHP 6,195.00","PHP 4,337.00",,,1 Colour,Black/Black/White,HF3053-020,,
https://www.nike.com/ph/t/nocta-northstar-nylon-tracksuit-jacket-bWpt1g/FN7666-340,https://static.nike.com/a/images/t_default/fc9975b5-e070-4f7f-9303-70ca93bfb007/M+NRG+NOCTA+CS+TRK+JKT+WVN.png,"Recycled Materials, SUSTAINABLE_MATERIALS",NOCTA,Northstar Nylon Tracksuit Jacket,"PHP 5,595.00","PHP 2,798.00",,,1 Colour,Neptune Green/Black/Black,FN7666-340,5,
https://www.nike.com/ph/t/victory-tour-4-boa-golf-shoes-lbsm2c/HM6545-102,"https://static.nike.com/a/images/t_default/u_9ddf04c7-2a9a-4d76-add1-d15af8f0263d,c_scale,fl_relative,w_1.0,h_1.0,fl_layer_apply/9d94232c-efa5-46ae-a40e-8e84e5919459/VICTORY+TOUR+4+BOA.png","Bestseller, BEST_SELLER",Nike Victory Tour 4 BOA,Golf Shoes,"PHP 11,995.00","PHP 9,596.00",,,1 Colour,Summit White/Court Blue/Metallic Silver,HM6545-102,,
https://www.nike.com/ph/t/air-jordan-1-low-a-t-shoes-S9BMVN/FV4227-003,"https://static.nike.com/a/images/t_default/u_126ab356-44d8-4a06-89b4-fcdcc8df0245,c_scale,fl_relative,w_1.0,h_1.0,fl_layer_apply/603ea82a-2537-4b69-b1c4-b1f827d724c4/AIR+JORDAN+1+ELEMENT+LOW+A%2FT.png","Bestseller, BEST_SELLER",Air Jordan 1 Low A/T,Men's Shoes,"PHP 10,895.00","PHP 7,627.00",,,1 Colour,Phantom/Sail/Summit White/Black,FV4227-003,,
https://www.nike.com/ph/t/air-jordan-1-low-a-t-shoes-S9BMVN/FV4227-700,"https://static.nike.com/a/images/t_default/u_126ab356-44d8-4a06-89b4-fcdcc8df0245,c_scale,fl_relative,w_1.0,h_1.0,fl_layer_apply/3d97cf05-a4d8-4667-83e0-0dbefcf33fe1/AIR+JORDAN+1+ELEMENT+LOW+A%2FT.png","Bestseller, BEST_SELLER",Air Jordan 1 Low A/T,Men's Shoes,"PHP 10,895.00","PHP 7,082.00",,,1 Colour,Light Lemon Twist/Life Lime/Light Wild Mango/Lime Ice,FV4227-700,,
https://www.nike.com/ph/t/fc-barcelona-club-fourth-football-crew-neck-RR6LwF/FZ1259-677,https://static.nike.com/a/images/t_default/94469f65-3117-4eb1-ae04-a5ab7f3375fa/FCB+M+NSW+CLUB+CREW+FT+SE+GX.png,"Sold Out, OUT_OF_STOCK",F.C. Barcelona Club Fourth,Men's Nike Football Crew-Neck,"PHP 3,295.00","PHP 1,977.00",,,1 Colour,Team Red/Opti Yellow,FZ1259-677,,
https://www.nike.com/ph/t/jordan-1-mid-se-younger-shoes-dZcvdIeB/IB7052-002,"https://static.nike.com/a/images/t_default/u_126ab356-44d8-4a06-89b4-fcdcc8df0245,c_scale,fl_relative,w_1.0,h_1.0,fl_layer_apply/73881278-e549-404d-ae61-c192ece71c58/JORDAN+1+MID+SE+%28PS%29.png","Bestseller, BEST_SELLER",Jordan 1 Mid SE,Little Kids' Shoes,"PHP 3,895.00","PHP 2,727.00",,,1 Colour,Black/Light Wild Mango/Muslin/Olive Grey,IB7052-002,,
https://www.nike.com/ph/t/dunk-low-retro-se-shoes-fTifEc9w/IB6651-200,"https://static.nike.com/a/images/t_default/u_9ddf04c7-2a9a-4d76-add1-d15af8f0263d,c_scale,fl_relative,w_1.0,h_1.0,fl_layer_apply/e116b120-9506-4fe4-8cfc-3702aac255bc/NIKE+DUNK+LOW+RETRO+SE.png","Bestseller, BEST_SELLER",Nike Dunk Low Retro SE,Men's Shoes,"PHP 6,995.00","PHP 4,897.00",,,1 Colour,Cave Stone/Cave Stone/Cave Stone,IB6651-200,,
https://www.nike.com/ph/t/older-faux-fur-cross-body-bag-30S97S/FZ1329-010,"https://static.nike.com/a/images/t_default/u_9ddf04c7-2a9a-4d76-add1-d15af8f0263d,c_scale,fl_relative,w_1.0,h_1.0,fl_layer_apply/9bc1c8ad-ab66-4049-8eee-f09f32b5216d/Y+NK+FX+FUR+CROSSBODY.png","Recycled Materials, SUSTAINABLE_MATERIALS",Nike,Older Kids' Faux Fur Cross-Body Bag (1L),"PHP 1,395.00",PHP 907.00,,,1 Colour,Black/Cool Grey/White,FZ1329-010,,
https://www.nike.com/ph/t/lego-collection-older-logo-t-shirt-udAGME1O/II5198-100,"https://static.nike.com/a/images/t_default/u_9ddf04c7-2a9a-4d76-add1-d15af8f0263d,c_scale,fl_relative,w_1.0,h_1.0,fl_layer_apply/5ff59608-2e1c-433b-9160-2e5dd2b00b2f/NIKE+X+LEGO+COL+LOGO+T-SHIRT.png","Bestseller, BEST_SELLER",Nike x LEGO® Collection,Older Kids' Logo T-Shirt,"PHP 1,145.00",PHP 916.00,,,1 Colour,White/Black,II5198-100,5,
https://www.nike.com/ph/t/air-jordan-mvp-92-shoes-IYrNhunG/HQ3950-600,"https://static.nike.com/a/images/t_default/u_126ab356-44d8-4a06-89b4-fcdcc8df0245,c_scale,fl_relative,w_1.0,h_1.0,fl_layer_apply/1047815c-76e8-435c-b847-aeff3464497a/JORDAN+MVP+92.png","Sold Out, OUT_OF_STOCK",Air Jordan MVP 92,Men's Shoes,"PHP 8,395.00","PHP 5,037.00",,,1 Colour,Gym Red/White/Black,HQ3950-600,,
https://www.nike.com/ph/t/club-unstructured-cap-dYQ2UXNz/FZ5698-389,"https://static.nike.com/a/images/t_default/u_9ddf04c7-2a9a-4d76-add1-d15af8f0263d,c_scale,fl_relative,w_1.0,h_1.0,fl_layer_apply/63134782-4e07-44db-ab2e-74420b570115/U+NK+CLUB+CAP+U+CB+SM+SWSH+L.png","Recycled Materials, SUSTAINABLE_MATERIALS",Nike Club,Unstructured Cap,"PHP 1,045.00",PHP 627.00,,,1 Colour,Cyber/Sail,FZ5698-389,,
https://www.nike.com/ph/t/air-jordan-1-brooklyn-low-shoes-ngJIbAxq/IR0835-110,"https://static.nike.com/a/images/t_default/u_126ab356-44d8-4a06-89b4-fcdcc8df0245,c_scale,fl_relative,w_1.0,h_1.0,fl_layer_apply/bb1f26a2-9bc3-4c6e-8076-c2cdec88a0e3/W+AIR+JORDAN+1+BROOKLYN+LOW.png","Bestseller, BEST_SELLER",Air Jordan 1 Brooklyn Low,Women's Shoes,"PHP 8,895.00","PHP 6,227.00",,,1 Colour,Pale Ivory/Racer Pink/Pale Ivory/Pale Ivory,IR0835-110,,
https://www.nike.com/ph/t/unlimited-dri-fit-18cm-unlined-versatile-shorts-br19dq/DV9341-486,https://static.nike.com/a/images/t_default/26782cf4-15bd-4fde-b774-3844ca73841f/AS+M+NK+DF+UNLMTD+WVN+7IN+UL.png,"Recycled Materials, SUSTAINABLE_MATERIALS",Nike Unlimited,Men's Dri-FIT 18cm (approx.) Unlined Versatile Shorts,"PHP 2,195.00","PHP 1,537.00",,,1 Colour,Work Blue/Black/Work Blue,DV9341-486,,
https://www.nike.com/ph/t/unlimited-dri-fit-18cm-unlined-versatile-shorts-br19dq/DV9341-251,https://static.nike.com/a/images/t_default/b2dfd249-688f-49e5-a163-30d220c5280a/AS+M+NK+DF+UNLMTD+WVN+7IN+UL.png,"Recycled Materials, SUSTAINABLE_MATERIALS",Nike Unlimited,Men's Dri-FIT 18cm (approx.) Unlined Versatile Shorts,"PHP 2,195.00","PHP 1,649.00",,,1 Colour,Desert Khaki/Black/Desert Khaki,DV9341-251,,
https://www.nike.com/ph/t/reactx-rejuven8-slides-Mr875v/HV4484-500,"https://static.nike.com/a/images/t_default/u_9ddf04c7-2a9a-4d76-add1-d15af8f0263d,c_scale,fl_relative,w_1.0,h_1.0,fl_layer_apply/080db57d-d36a-4fff-9864-5df19e8e0ba6/W+NIKE+REACTX+REJUVEN8+SLIDE.png","Bestseller, BEST_SELLER",Nike ReactX Rejuven8,Women's Slides,"PHP 3,295.00","PHP 2,307.00",,,1 Colour,Bright Violet/Sapphire/Bright Violet,HV4484-500,,
https://www.nike.com/ph/t/air-jordan-40-pf-basketball-shoes-jJIHTmH6/HM9932-001,"https://static.nike.com/a/images/t_default/u_126ab356-44d8-4a06-89b4-fcdcc8df0245,c_scale,fl_relative,w_1.0,h_1.0,fl_layer_apply/f22c3d12-fea4-4cf8-b003-dec85ed2be5d/AIR+JORDAN+40+PF.png","Bestseller, BEST_SELLER",Air Jordan 40 PF,Basketball Shoes,"PHP 11,495.00","PHP 8,047.00",,,1 Colour,Photon Dust/Flint Grey/Wolf Grey,HM9932-001,5,
https://www.nike.com/ph/t/aura-cross-body-bag-BleufK2t/HV6626-017,"https://static.nike.com/a/images/t_default/u_9ddf04c7-2a9a-4d76-add1-d15af8f0263d,c_scale,fl_relative,w_1.0,h_1.0,fl_layer_apply/175a7d31-18c1-4457-bb67-690bac9a8436/NK+AURA+WAISTPACK-CORD.png","Recycled Materials, SUSTAINABLE_MATERIALS",Nike Aura,Cross-Body Bag (2L),"PHP 1,895.00","PHP 1,137.00",,,1 Colour,Cannon/Cannon/MT SILVER BRL,HV6626-017,,
https://www.nike.com/ph/t/nikecourt-slam-dri-fit-high-waisted-tennis-skirt-hTYirP3y/II3234-307,https://static.nike.com/a/images/t_default/5788b17a-7c49-4051-b643-886bb2023613/AS+W+NKCT+DF+SLAM+SKRT+HR+OZ.png,"Bestseller, BEST_SELLER",NikeCourt Slam,Women's Dri-FIT High-Waisted Tennis Skirt,"PHP 3,095.00","PHP 2,476.00",,,1 Colour,Mean Green/Light Lemon Twist/Black,II3234-307,,
https://www.nike.com/ph/t/nikecourt-slam-dri-fit-high-waisted-tennis-skirt-hTYirP3y/II3234-736,https://static.nike.com/a/images/t_default/1d057949-2e62-46bc-befd-fb5ce46eb1d4/AS+W+NKCT+DF+SLAM+SKRT+HR+OZ.png,"Bestseller, BEST_SELLER",NikeCourt Slam,Women's Dri-FIT High-Waisted Tennis Skirt,"PHP 3,095.00","PHP 2,476.00",,,1 Colour,Light Lemon Twist/Sapphire/White,II3234-736,,
https://www.nike.com/ph/t/metcon-10-amp-workout-shoes-7IqhtY5a/HQ2615-600,"https://static.nike.com/a/images/t_default/u_9ddf04c7-2a9a-4d76-add1-d15af8f0263d,c_scale,fl_relative,w_1.0,h_1.0,fl_layer_apply/fc9b9c8f-2cf2-4be1-a3e4-5b714efb4cb5/M+NIKE+METCON+10+AMP.png","Bestseller, BEST_SELLER",Nike Metcon 10 AMP,Men's Workout Shoes,"PHP 9,095.00","PHP 6,367.00",,,1 Colour,Bright Crimson/University Red/Total Orange/Black,HQ2615-600,5,
https://www.nike.com/ph/t/ja-pullover-basketball-hoodie-LNXfr0Ga/IF1555-015,https://static.nike.com/a/images/t_default/d40fee28-60fb-4c03-9d11-54b4dee8c216/AS+JA+M+NK+TF+SI+PO+HD.png,"Bestseller, BEST_SELLER",JA,Men's Therma-FIT Pullover Basketball Hoodie,"PHP 4,095.00","PHP 2,662.00",,,1 Colour,Pencil Point/Cobalt Bliss,IF1555-015,,
https://www.nike.com/ph/t/everyday-plus-crew-socks-zRQm5c/HJ9339-902,"https://static.nike.com/a/images/t_default/u_9ddf04c7-2a9a-4d76-add1-d15af8f0263d,c_scale,fl_relative,w_1.0,h_1.0,fl_layer_apply/0c65fccb-8c80-4d47-8d79-f3367d3823b0/U+NK+ED+PLS+CREW+3PR+SPORT+144.png","Bestseller, BEST_SELLER",Nike Everyday Plus,Crew Socks (3 Pairs),PHP 995.00,PHP 697.00,,,1 Colour,Multi-Colour,HJ9339-902,5,
https://www.nike.com/ph/t/jordan-t-shirt-KTkeexYh/IF3069-325,"https://static.nike.com/a/images/t_default/u_126ab356-44d8-4a06-89b4-fcdcc8df0245,c_scale,fl_relative,w_1.0,h_1.0,fl_layer_apply/bd8d33a0-77a6-4893-82c6-4ed0458e3c0f/M+J+POCKET+SS+CREW.png","Bestseller, BEST_SELLER",Jordan,Men's T-Shirt,"PHP 1,395.00",PHP 977.00,,,1 Colour,Cargo Khaki/Black,IF3069-325,5,
https://www.nike.com/ph/t/stellar-ride-younger-shoes-TWTIL4Lg/HQ3267-605,"https://static.nike.com/a/images/t_default/u_9ddf04c7-2a9a-4d76-add1-d15af8f0263d,c_scale,fl_relative,w_1.0,h_1.0,fl_layer_apply/d514e2f6-1360-43c2-b649-b96514bfd8b0/NIKE+STELLAR+RIDE+%28PSV%29.png","Bestseller, BEST_SELLER",Nike Stellar Ride,Younger Kids' Shoes,"PHP 3,095.00","PHP 2,476.00",,,1 Colour,Pink Rise/Pink Foam/Pure Platinum/White,HQ3267-605,5,
https://www.nike.com/ph/t/stellar-ride-younger-shoes-TWTIL4Lg/HQ3267-403,"https://static.nike.com/a/images/t_default/u_9ddf04c7-2a9a-4d76-add1-d15af8f0263d,c_scale,fl_relative,w_1.0,h_1.0,fl_layer_apply/15abcb28-5c96-46f3-9776-1e9dba5e8be9/NIKE+STELLAR+RIDE+%28PSV%29.png","Bestseller, BEST_SELLER",Nike Stellar Ride,Younger Kids' Shoes,"PHP 3,095.00","PHP 2,167.00",,,1 Colour,Old Royal/Mystic Navy/Laser Orange/University Blue,HQ3267-403,5,
https://www.nike.com/ph/t/brazil-vaporfast-away-jordan-dri-fit-adv-football-knee-high-socks-weDHMcUr/IR0902-011,"https://static.nike.com/a/images/t_default/u_126ab356-44d8-4a06-89b4-fcdcc8df0245,c_scale,fl_relative,w_1.0,h_1.0,fl_layer_apply/9346aff3-1940-40e2-80df-26a23ccb1849/CBF+U+JM+VPRFAST+KH+AW.png","Promo Exclusion, PW_PROMO_EXCLUDED",Brazil VaporFast Away,Jordan Dri-FIT ADV Football Knee-High Socks,"PHP 1,045.00",PHP 732.00,,,1 Colour,Black/Tour Yellow,IR0902-011,,
https://www.nike.com/ph/t/dri-fit-12-5cm-football-shorts-Ut9smTgm/IF1537-247,https://static.nike.com/a/images/t_default/8341458e-5c75-45e1-a68d-ffe4e8d49772/AS+M+NK+DF+5%22+SHORT+W.png,"Recycled Materials, SUSTAINABLE_MATERIALS",Nike,Men's Dri-FIT 12.5cm (approx.) Football Shorts,"PHP 2,195.00","PHP 1,537.00",,,1 Colour,Filbert/Off-Noir/Summit White/Summit White,IF1537-247,,
https://www.nike.com/ph/t/paris-saint-germain-2025-stadium-fourth-jordan-dri-fit-football-replica-shorts-5wN3nL/HJ0892-492,"https://static.nike.com/a/images/t_default/u_126ab356-44d8-4a06-89b4-fcdcc8df0245,c_scale,fl_relative,w_1.0,h_1.0,fl_layer_apply/0e9fcd31-7120-44df-af71-53d2f761f033/PSG+M+NK+DF+SHORT+STAD+4TH.png","Recycled Materials, SUSTAINABLE_MATERIALS",Paris Saint-Germain 2025 Stadium Fourth,Men's Jordan Dri-FIT Football Replica Shorts,"PHP 1,995.00","PHP 1,596.00",,,1 Colour,Blue Void/Phantom/Phantom,HJ0892-492,,
https://www.nike.com/ph/t/sonic-fly-younger-running-shoes-n9JW5x/FZ0016-005,"https://static.nike.com/a/images/t_default/u_9ddf04c7-2a9a-4d76-add1-d15af8f0263d,c_scale,fl_relative,w_1.0,h_1.0,fl_layer_apply/9f55b4ac-e9db-49f9-a036-d3631e8257d0/SONIC+FLY+%28PS%29.png","Bestseller, BEST_SELLER",Nike Sonic Fly,Younger Kids' Running Shoes,"PHP 3,395.00","PHP 2,716.00",,,1 Colour,Black/Laser Orange/Bright Crimson/Volt Tint,FZ0016-005,1,
https://www.nike.com/ph/t/everyday-plus-cushioned-training-crew-socks-vH1Wrx/SX6888-996,"https://static.nike.com/a/images/t_default/u_9ddf04c7-2a9a-4d76-add1-d15af8f0263d,c_scale,fl_relative,w_1.0,h_1.0,fl_layer_apply/56642f0f-8427-4f6f-9279-243c072f86cb/U+NK+EVERYDAY+PLUS+CUSH+CREW.png","Bestseller, BEST_SELLER",Nike Everyday Plus Cushioned,Training Crew Socks (3 Pairs),PHP 845.00,PHP 676.00,,,1 Colour,Multi-Colour,SX6888-996,,
https://www.nike.com/ph/t/sportswear-windrunner-oversized-jacket-jrRy8J4N/IM8026-010,https://static.nike.com/a/images/t_default/ce58b75d-0c08-4660-93c1-e146839ae04b/AS+W+NSW+OS+WR+JKT.png,"Recycled Materials, SUSTAINABLE_MATERIALS",Nike Sportswear Windrunner,Women's Oversized Jacket,"PHP 4,495.00","PHP 2,697.00",,,1 Colour,Black/Black/Sail,IM8026-010,,
https://www.nike.com/ph/t/sportswear-rpm-tote-jFbB3S/FJ0439-104,"https://static.nike.com/a/images/t_default/u_9ddf04c7-2a9a-4d76-add1-d15af8f0263d,c_scale,fl_relative,w_1.0,h_1.0,fl_layer_apply/40d6eaed-21df-432d-bda0-d1a67c9b74ff/NK+NSW+RPM+TOTE.png","Recycled Materials, SUSTAINABLE_MATERIALS",Nike Sportswear,RPM Tote (26L),"PHP 4,295.00","PHP 3,007.00",,,1 Colour,Light Orewood Brown/Black/Light Orewood Brown,FJ0439-104,4,
https://www.nike.com/ph/t/pegasus-road-running-shoes-moXgwKkI/IQ3439-211,"https://static.nike.com/a/images/t_default/u_9ddf04c7-2a9a-4d76-add1-d15af8f0263d,c_scale,fl_relative,w_1.0,h_1.0,fl_layer_apply/d81962f7-c476-472d-9897-cd66b74a1341/W+NIKE+PEGASUS+PREMIUM.png","Bestseller, BEST_SELLER",Nike Pegasus Premium,Women's Road Running Shoes,"PHP 12,295.00","PHP 8,607.00",,,1 Colour,Moon Particle/Life Lime/Vast Grey,IQ3439-211,,
https://www.nike.com/ph/t/dunk-low-se-shoes-0dt7439O/IB5723-600,"https://static.nike.com/a/images/t_default/u_9ddf04c7-2a9a-4d76-add1-d15af8f0263d,c_scale,fl_relative,w_1.0,h_1.0,fl_layer_apply/678fbbc9-40ef-4d7f-bda2-0656c0599fca/NIKE+DUNK+LOW+SE+%28TD%29.png","Bestseller, BEST_SELLER",Nike Dunk Low SE,Baby & Toddler Shoes,"PHP 3,695.00","PHP 2,402.00",,,1 Colour,Team Crimson/Team Crimson/Sand Drift/Team Crimson,IB5723-600,,
https://www.nike.com/ph/t/primary-nanoknit-dri-fit-7-shorts-HG0HqxLx/II1311-214,https://static.nike.com/a/images/t_default/449ca2ea-4f40-4b53-8788-666fb34b79a3/AS+M+NK+DF+PRMRY+NANO+7IN+SHOR.png,"Bestseller, BEST_SELLER",Nike Primary NanoKnit,"Men's Dri-FIT 7"" Performance Shorts","PHP 2,895.00","PHP 2,027.00",,,1 Colour,Mink Brown/Mink Brown,II1311-214,,
https://www.nike.com/ph/t/air-jordan-1-mid-older-shoes-wqHdzW/DQ8423-002,"https://static.nike.com/a/images/t_default/u_126ab356-44d8-4a06-89b4-fcdcc8df0245,c_scale,fl_relative,w_1.0,h_1.0,fl_layer_apply/40f9cc86-2503-4ca8-abf0-a1eebfc0b003/AIR+JORDAN+1+MID+%28GS%29.png","Bestseller, BEST_SELLER",Air Jordan 1 Mid,Older Kids' Shoes,"PHP 4,995.00","PHP 3,247.00",,,1 Colour,Black/Aura/Squadron Blue/Black,DQ8423-002,,
https://www.nike.com/ph/t/air-max-nova-shoes-nWBpr9/FN4461-400,"https://static.nike.com/a/images/t_default/u_9ddf04c7-2a9a-4d76-add1-d15af8f0263d,c_scale,fl_relative,w_1.0,h_1.0,fl_layer_apply/ca024f89-a518-45c9-a834-34b3dbed07da/NIKE+AIR+MAX+NOVA+%28TD%29.png","Recycled Materials, SUSTAINABLE_MATERIALS",Nike Air Max Nova,Baby/Toddler Shoes,"PHP 2,895.00","PHP 1,882.00",,,1 Colour,Racer Blue/Black/White/Green Strike,FN4461-400,5,
https://www.nike.com/ph/t/court-borough-low-recraft-younger-shoes-DPsXd0/DV5457-012,"https://static.nike.com/a/images/t_default/u_9ddf04c7-2a9a-4d76-add1-d15af8f0263d,c_scale,fl_relative,w_1.0,h_1.0,fl_layer_apply/09e99829-3939-4fec-99dc-9496d0fcb0ce/COURT+BOROUGH+LOW+RECRAFT+%28PS%29.png","Bestseller, BEST_SELLER",Nike Court Borough Low Recraft,Little Kids' Shoes,"PHP 2,395.00","PHP 1,677.00",,,1 Colour,Black/Dutch Blue/Phantom/Volt Tint,DV5457-012,,
https://www.nike.com/ph/t/ld-1000-shoes-mEXVEmFD/IM1651-001,"https://static.nike.com/a/images/t_default/u_9ddf04c7-2a9a-4d76-add1-d15af8f0263d,c_scale,fl_relative,w_1.0,h_1.0,fl_layer_apply/194bc054-1ace-47ee-b800-4e30c57bc207/LD-1000+PRM.png","Bestseller, BEST_SELLER",Nike LD-1000 Premium,Men's Shoes,"PHP 6,295.00","PHP 4,407.00",,,1 Colour,Black/Beach/Coconut Milk,IM1651-001,5,
https://www.nike.com/ph/t/strike-dri-fit-football-shorts-dMk7tUZv/IF1464-011,https://static.nike.com/a/images/t_default/ab20c5f1-abfc-4f28-809c-6cf6633a2955/AS+M+NK+DF+STRK+SHORT+KZ.png,"Recycled Materials, SUSTAINABLE_MATERIALS",Nike Strike,Men's Dri-FIT Football Shorts,"PHP 1,995.00","PHP 1,397.00",,,1 Colour,Black/Pinksicle/Pinksicle/Pinksicle,IF1464-011,,
https://www.nike.com/ph/t/tatum-4-younger-shoes-Q5wD0Kbf/HQ4610-001,"https://static.nike.com/a/images/t_default/u_126ab356-44d8-4a06-89b4-fcdcc8df0245,c_scale,fl_relative,w_1.0,h_1.0,fl_layer_apply/471b7c84-1f90-4cda-b4e0-3495e6c0acfa/JORDAN+TATUM+4+%28PS%29.png","Sold Out, OUT_OF_STOCK",Tatum 4,Younger Kids' Shoes,"PHP 3,895.00","PHP 2,337.00",,,1 Colour,Black/White/University Red,HQ4610-001,5,
https://www.nike.com/ph/t/pro-graphic-cap-qURjBG5i/HV7015-100,"https://static.nike.com/a/images/t_default/u_9ddf04c7-2a9a-4d76-add1-d15af8f0263d,c_scale,fl_relative,w_1.0,h_1.0,fl_layer_apply/b13b3dfd-789c-446f-9e46-48bb702ba9a8/U+NK+PRO+CAP+US+FB+ALBATROSS.png","Recycled Materials, SUSTAINABLE_MATERIALS",Nike Pro,Graphic Cap,"PHP 1,295.00",PHP 777.00,,,1 Colour,White/Stadium Green/Anthracite/Black,HV7015-100,,
https://www.nike.com/ph/t/pro-graphic-cap-qURjBG5i/HV7015-010,"https://static.nike.com/a/images/t_default/u_9ddf04c7-2a9a-4d76-add1-d15af8f0263d,c_scale,fl_relative,w_1.0,h_1.0,fl_layer_apply/f44e19dd-876c-4956-bdc5-4a85c68b1344/U+NK+PRO+CAP+US+FB+ALBATROSS.png","Recycled Materials, SUSTAINABLE_MATERIALS",Nike Pro,Graphic Cap,"PHP 1,295.00",PHP 907.00,,,1 Colour,Black/Stadium Green/Anthracite/White,HV7015-010,,
https://www.nike.com/ph/t/air-jordan-1-brooklyn-boots-u09SrsIK/IR0837-099,"https://static.nike.com/a/images/t_default/u_126ab356-44d8-4a06-89b4-fcdcc8df0245,c_scale,fl_relative,w_1.0,h_1.0,fl_layer_apply/a85e01bc-5652-4fd3-93ab-1cefda761bee/WMNS+AIR+JORDAN+1+BROOKLYN.png","Bestseller, BEST_SELLER",Air Jordan 1 Brooklyn,Women's Boots,"PHP 9,395.00","PHP 6,107.00",,,1 Colour,Pale Grey/Enigma Stone/Pale Grey/Pale Grey,IR0837-099,,
https://www.nike.com/ph/t/bella-7-workout-shoes-2912BV/FZ1689-603,"https://static.nike.com/a/images/t_default/u_9ddf04c7-2a9a-4d76-add1-d15af8f0263d,c_scale,fl_relative,w_1.0,h_1.0,fl_layer_apply/c91ec1ea-8d9d-4358-8f19-0c5cd764b5ec/W+NIKE+AIR+ZOOM+BELLA+7.png","Recycled Materials, SUSTAINABLE_MATERIALS",Nike Bella 7,Women's Workout Shoes,"PHP 5,195.00","PHP 3,637.00",,,1 Colour,Particle Rose/Summit White/Sweet Beet,FZ1689-603,,
https://www.nike.com/ph/t/bella-7-workout-shoes-2912BV/FZ1689-108,"https://static.nike.com/a/images/t_default/u_9ddf04c7-2a9a-4d76-add1-d15af8f0263d,c_scale,fl_relative,w_1.0,h_1.0,fl_layer_apply/974c9258-3a72-4cd0-9d1e-c1ed5d61ab1e/W+NIKE+AIR+ZOOM+BELLA+7.png","Bestseller, BEST_SELLER",Nike Bella 7,Women's Workout Shoes,"PHP 5,195.00","PHP 3,637.00",,,1 Colour,Chalk/Sail/Sapphire,FZ1689-108,,
https://www.nike.com/ph/t/sonic-fly-older-running-shoes-nTmD01/FZ0017-001,"https://static.nike.com/a/images/t_default/u_9ddf04c7-2a9a-4d76-add1-d15af8f0263d,c_scale,fl_relative,w_1.0,h_1.0,fl_layer_apply/2210834e-068b-4d9a-b225-d413f6cfb89e/SONIC+FLY+%28GS%29.png","Recycled Materials, SUSTAINABLE_MATERIALS",Nike Sonic Fly,Older Kids' Running Shoes,"PHP 3,695.00","PHP 2,217.00",,,1 Colour,Black/Wolf Grey/White,FZ0017-001,,
https://www.nike.com/ph/t/sonic-fly-older-running-shoes-nTmD01/FZ0017-402,"https://static.nike.com/a/images/t_default/u_9ddf04c7-2a9a-4d76-add1-d15af8f0263d,c_scale,fl_relative,w_1.0,h_1.0,fl_layer_apply/45fe1db9-2db0-4572-8bf6-205988368257/SONIC+FLY+%28GS%29.png","Recycled Materials, SUSTAINABLE_MATERIALS",Nike Sonic Fly,Older Kids' Running Shoes,"PHP 3,695.00","PHP 2,402.00",,,1 Colour,World Indigo/Racer Blue/Football Grey,FZ0017-402,,
https://www.nike.com/ph/t/sonic-fly-older-running-shoes-nTmD01/FZ0017-102,"https://static.nike.com/a/images/t_default/u_9ddf04c7-2a9a-4d76-add1-d15af8f0263d,c_scale,fl_relative,w_1.0,h_1.0,fl_layer_apply/a410ac36-c1ce-4013-a448-bf78657493d0/SONIC+FLY+%28GS%29.png","Recycled Materials, SUSTAINABLE_MATERIALS",Nike Sonic Fly,Older Kids' Running Shoes,"PHP 3,695.00","PHP 2,587.00",,,1 Colour,Summit White/Sapphire/Light Magenta/Lime Blast,FZ0017-102,,
https://www.nike.com/ph/t/universa-high-waisted-7-8-leggings-with-no-front-seam-8KPjHw/HQ6814-499,https://static.nike.com/a/images/t_default/e125d9d3-ff7c-4490-ba07-c65bd56ce35f/AS+W+NK+DF+UNVRSA+HR+7%2F8+TGHT.png,"Recycled Materials, SUSTAINABLE_MATERIALS",Nike Universa,Women's High-Waisted 7/8 Leggings with No Front Seam,"PHP 4,395.00","PHP 2,637.00",,,1 Colour,World Indigo/Sanded Purple/Celestine Blue,HQ6814-499,,
https://www.nike.com/ph/t/universa-high-waisted-7-8-leggings-with-no-front-seam-8KPjHw/HQ6814-570,https://static.nike.com/a/images/t_default/ac26ee08-3a2c-40e1-9628-c97d531030cc/AS+W+NK+DF+UNVRSA+HR+7%2F8+TGHT.png,"Recycled Materials, SUSTAINABLE_MATERIALS",Nike Universa,Women's High-Waisted 7/8 Leggings with No Front Seam,"PHP 4,395.00","PHP 3,077.00",,,1 Colour,Sapphire/Bright Blue/Deep Night,HQ6814-570,,
https://www.nike.com/ph/t/sb-ps8-shoes-NHx2xt/FV8493-007,"https://static.nike.com/a/images/t_default/u_9ddf04c7-2a9a-4d76-add1-d15af8f0263d,c_scale,fl_relative,w_1.0,h_1.0,fl_layer_apply/e2ed7ba2-b667-48cd-b311-86bfb4ed0ec6/NIKE+SB+PS8.png","Bestseller, BEST_SELLER",Nike SB PS8,Men's Shoes,"PHP 6,895.00","PHP 4,827.00",,,1 Colour,Black/Black/Black/White,FV8493-007,,
https://www.nike.com/ph/t/par-dri-fit-golf-polo-3CalD5Rx/IB0234-722,"https://static.nike.com/a/images/t_default/u_9ddf04c7-2a9a-4d76-add1-d15af8f0263d,c_scale,fl_relative,w_1.0,h_1.0,fl_layer_apply/d5a05c76-d5ab-4430-9041-d9d1d8c01192/AS+M+NK+DF+PAR+POLO+SS+SOLID.png","Bestseller, BEST_SELLER",Nike Par,Men's Dri-FIT Golf Polo,"PHP 3,495.00","PHP 2,796.00",,,1 Colour,Soft Yellow/White,IB0234-722,,
https://www.nike.com/ph/t/stride-dri-fit-13cm-brief-lined-running-shorts-8KGapXnY/IF2039-486,https://static.nike.com/a/images/t_default/fbae3279-5d6c-445d-a231-9a37533c8f47/AS+M+NK+DF+STRIDE+5IN+BF+SHORT.png,"Bestseller, BEST_SELLER",Nike Stride,Men's Dri-FIT 12.5cm (approx.) Brief-Lined Running Shorts,"PHP 2,195.00","PHP 1,756.00",,,1 Colour,Work Blue,IF2039-486,,
https://www.nike.com/ph/t/lebron-out-redemption-basketball-t-shirt-9Hdwx4np/IH8563-045,https://static.nike.com/a/images/t_default/603d57a0-5f9a-469e-974c-6c0fa1f3daa5/AS+LJ+M+NK+TEE+LSE+OR.png,"Bestseller, BEST_SELLER",LeBron 'Out For Redemption',Nike Men's Basketball T-Shirt,"PHP 1,995.00","PHP 1,397.00",,,1 Colour,Black,IH8563-045,,
https://www.nike.com/ph/t/united-jr-phantom-6-low-academy-older-football-shoe-O2DZ1rQC/HV4290-300,"https://static.nike.com/a/images/t_default/u_9ddf04c7-2a9a-4d76-add1-d15af8f0263d,c_scale,fl_relative,w_1.0,h_1.0,fl_layer_apply/d3728698-c4d4-426f-a91b-4e76de57449a/JR+PHANTOM+6+LOW+ACAD+TF+NU2.png","Member product, MEMBER_ACCESS_ALL",Nike United Jr Phantom 6 Low Academy,Older Kids' Turf Football Shoe,"PHP 3,895.00","PHP 1,948.00",,,1 Colour,Pistachio Frost/Hyper Orange,HV4290-300,,
https://www.nike.com/ph/t/sportswear-loose-bubble-skirt-vqykvMAk/IQ0062-102,"https://static.nike.com/a/images/t_default/u_9ddf04c7-2a9a-4d76-add1-d15af8f0263d,c_scale,fl_relative,w_1.0,h_1.0,fl_layer_apply/e7d6862e-2e3b-47a3-a534-082e802c303a/AS+W+NSW+BUBBLE+SKIRT.png","Recycled Materials, SUSTAINABLE_MATERIALS",Nike Sportswear,Women's Loose Bubble Skirt,"PHP 2,095.00","PHP 1,676.00",,,1 Colour,Chalk/Black,IQ0062-102,,
https://www.nike.com/ph/t/sportswear-windrunner-woven-jacket-QJz1OOCb/IM8028-010,https://static.nike.com/a/images/t_default/4941b881-ded3-4fc5-a131-67745c697ee9/AS+W+NSW+NK+WR+WVN+JKT+SPEED.png,"Recycled Materials, SUSTAINABLE_MATERIALS",Nike Sportswear Windrunner,Women's Woven Jacket,"PHP 4,495.00","PHP 3,147.00",,,1 Colour,Black/Sail/Sail,IM8028-010,,
https://www.nike.com/ph/t/sportswear-windrunner-woven-jacket-QJz1OOCb/IM8028-390,https://static.nike.com/a/images/t_default/b4da66b5-3b2c-463a-af14-fcc847e00556/AS+W+NSW+NK+WR+WVN+JKT+SPEED.png,"Recycled Materials, SUSTAINABLE_MATERIALS",Nike Sportswear Windrunner,Women's Woven Jacket,"PHP 4,495.00","PHP 2,922.00",,,1 Colour,Seaweed/Sail/Sail,IM8028-390,,
https://www.nike.com/ph/t/sportswear-windrunner-woven-jacket-QJz1OOCb/IM8028-652,https://static.nike.com/a/images/t_default/27435e59-2259-4a7b-8ad9-2a2c0d508c17/AS+W+NSW+NK+WR+WVN+JKT+SPEED.png,"Recycled Materials, SUSTAINABLE_MATERIALS",Nike Sportswear Windrunner,Women's Woven Jacket,"PHP 4,495.00","PHP 2,922.00",,,1 Colour,Burgundy Crush/Celestine Blue/Sail,IM8028-652,,
https://www.nike.com/ph/t/sportswear-windrunner-woven-jacket-QJz1OOCb/IM8028-410,https://static.nike.com/a/images/t_default/67d4173f-6a82-499a-849c-c33160bc13be/AS+W+NSW+NK+WR+WVN+JKT+SPEED.png,"Recycled Materials, SUSTAINABLE_MATERIALS",Nike Sportswear Windrunner,Women's Woven Jacket,"PHP 4,495.00","PHP 2,922.00",,,1 Colour,Midnight Navy/Sail/Sail,IM8028-410,,
https://www.nike.com/ph/t/paris-saint-germain-2025-26-stadium-home-younger-football-replica-3-piece-kit-ScLF38/HJ5626-411,"https://static.nike.com/a/images/t_default/u_9ddf04c7-2a9a-4d76-add1-d15af8f0263d,c_scale,fl_relative,w_1.0,h_1.0,fl_layer_apply/ff6f70c8-1c76-435d-8880-850e751a9222/PSG+LK+NK+DF+KIT+STAD+HM.png","Recycled Materials, SUSTAINABLE_MATERIALS",Paris Saint-Germain 2025/26 Stadium Home,Younger Kids' Nike Football Replica 3-Piece Kit,"PHP 3,995.00","PHP 2,797.00",,,1 Colour,Midnight Navy/Midnight Navy/White,HJ5626-411,,
https://www.nike.com/ph/t/sportswear-windrunner-tailored-jacket-aStE2t7E/HV5144-010,https://static.nike.com/a/images/t_default/ede3677f-dfa1-4f83-afd4-8aeab408498d/AS+W+NSW+TAILORED+WR+JACKE.png,"Recycled Materials, SUSTAINABLE_MATERIALS",Nike Sportswear Windrunner,Women's Tailored Jacket,"PHP 8,495.00","PHP 5,522.00",,,1 Colour,Black/Anthracite,HV5144-010,,
https://www.nike.com/ph/t/dri-fit-running-t-shirt-9np3oD4H/IH4413-502,https://static.nike.com/a/images/t_default/3c17a5e3-30db-4ec9-83b6-f10e30408d96/AS+M+NK+DF+TEE+STD+IYKYK+SP26.png,"Bestseller, BEST_SELLER",Nike,Men's Dri-FIT Running T-Shirt,"PHP 1,795.00","PHP 1,257.00",,,1 Colour,Tattoo,IH4413-502,,
https://www.nike.com/ph/t/acg-smith-summit-older-trousers-T2jJ7U82/IF1709-078,"https://static.nike.com/a/images/t_default/u_9ddf04c7-2a9a-4d76-add1-d15af8f0263d,c_scale,fl_relative,w_1.0,h_1.0,fl_layer_apply/8c64b68d-9d7b-4765-86bc-a7d07fd4ad0b/K+ACG+SMITH+SUMMIT+HIKE+PNT.png","Recycled Materials, SUSTAINABLE_MATERIALS",Nike ACG 'Smith Summit',Older Kids' Trousers,"PHP 3,695.00","PHP 2,587.00",,,1 Colour,Grey Fog/College Grey/Summit White,IF1709-078,5,
https://www.nike.com/ph/t/acg-smith-summit-older-trousers-T2jJ7U82/IF1709-010,https://static.nike.com/a/images/t_default/9aeabc6d-159b-4e9a-b041-e42ce414f9c5/K+ACG+SMITH+SUMMIT+HIKE+PNT.png,"Bestseller, BEST_SELLER",Nike ACG 'Smith Summit',Older Kids' Trousers,"PHP 3,695.00","PHP 2,956.00",,,1 Colour,Black/Black/Summit White,IF1709-010,5,
https://www.nike.com/ph/t/pro-swoosh-older-sports-bra-with-shine-accents-HlkTOlhF/HV4509-010,https://static.nike.com/a/images/t_default/3f4e7b23-ffac-4293-bd32-71b2dcdb15b9/G+NP+SWSH+BRA+SPRT+PACK+HO.png,"Recycled Materials, SUSTAINABLE_MATERIALS",Nike Pro Swoosh,Older Kids' Sports Bra with Shine Accents,"PHP 1,295.00",PHP 907.00,,,1 Colour,Black/Black,HV4509-010,,
https://www.nike.com/ph/t/air-max-95-big-bubble-shoes-BtFJFs/IB6396-201,"https://static.nike.com/a/images/t_default/u_9ddf04c7-2a9a-4d76-add1-d15af8f0263d,c_scale,fl_relative,w_1.0,h_1.0,fl_layer_apply/a29903d0-8483-4864-9c5d-c030a0a6f291/W+NIKE+AIR+MAX+95+BIG+BUBBLE.png","Bestseller, BEST_SELLER",Nike Air Max 95 Big Bubble,Women's Shoes,"PHP 9,695.00","PHP 6,787.00",,,1 Colour,British Khaki/Linen/Sand Drift/Phantom,IB6396-201,,
https://www.nike.com/ph/t/air-force-1-07-shoes-theUH8up/IQ3370-325,"https://static.nike.com/a/images/t_default/u_9ddf04c7-2a9a-4d76-add1-d15af8f0263d,c_scale,fl_relative,w_1.0,h_1.0,fl_layer_apply/f5e347cd-32ab-4865-9d38-2b1625e15b99/AIR+FORCE+1+%2707+PRM.png","Bestseller, BEST_SELLER",Nike Air Force 1 '07 Premium,Men's Shoes,"PHP 7,595.00","PHP 5,317.00",,,1 Colour,Cargo Khaki/Black/Metallic Gold/Cargo Khaki,IQ3370-325,,
https://www.nike.com/ph/t/team-hustle-d-12-shoes-g320gb/HF6281-002,"https://static.nike.com/a/images/t_default/u_9ddf04c7-2a9a-4d76-add1-d15af8f0263d,c_scale,fl_relative,w_1.0,h_1.0,fl_layer_apply/0b73488b-ef75-4ac4-acac-84442759248e/TEAM+HUSTLE+D+12+%28TD%29.png","Recycled Materials, SUSTAINABLE_MATERIALS",Nike Team Hustle D 12,Baby/Toddler Shoes,"PHP 2,895.00","PHP 1,882.00",,,1 Colour,Black/Anthracite/White,HF6281-002,1,
https://www.nike.com/ph/t/team-hustle-d-12-shoes-g320gb/HF6281-003,"https://static.nike.com/a/images/t_default/u_9ddf04c7-2a9a-4d76-add1-d15af8f0263d,c_scale,fl_relative,w_1.0,h_1.0,fl_layer_apply/26b31f10-5069-43ad-a723-bc73c24e7507/TEAM+HUSTLE+D+12+%28TD%29.png","Recycled Materials, SUSTAINABLE_MATERIALS",Nike Team Hustle D 12,Baby/Toddler Shoes,"PHP 2,895.00","PHP 1,882.00",,,1 Colour,Black/Metallic Gold/White/Black,HF6281-003,1,
https://www.nike.com/ph/t/nocta-northstar-nylon-tracksuit-bottoms-svvnkd/FN7668-340,https://static.nike.com/a/images/t_default/7227cd4f-f4b6-4e34-b90c-2106665488b0/M+NRG+NOCTA+CS+TRK+PANT+WVN.png,"Recycled Materials, SUSTAINABLE_MATERIALS",NOCTA,Northstar Nylon Tracksuit Bottoms,"PHP 4,095.00","PHP 2,048.00",,,1 Colour,Neptune Green/Neptune Green/Black,FN7668-340,1,
https://www.nike.com/ph/t/kobe-jr-phantom-6-high-academy-older-multi-ground-football-boots-p0efD3yD/IF4395-001,"https://static.nike.com/a/images/t_default/u_9ddf04c7-2a9a-4d76-add1-d15af8f0263d,c_scale,fl_relative,w_1.0,h_1.0,fl_layer_apply/f114dce7-062a-4198-9b44-0c8ab84ad963/JR+PHANTOM+6+HIGH+ACD+FG%2FMG+SE.png","Sold Out, OUT_OF_STOCK",Kobe Jr. Phantom 6 High Academy,Older Kids' Multi-Ground Football Boot,"PHP 4,495.00","PHP 2,697.00",,,1 Colour,Phantom/Black,IF4395-001,,
https://www.nike.com/ph/t/one-relaxed-dri-fit-high-waisted-trousers-4lt86j4P/IH8593-010,https://static.nike.com/a/images/t_default/d3671629-4e7a-45f7-958d-da3b68ce107e/AS+W+NK+ONE+DF+RELAXED+PANT+CP.png,"Recycled Materials, SUSTAINABLE_MATERIALS",Nike One Relaxed,Women's Dri-FIT High-Waisted Trousers,"PHP 3,295.00","PHP 2,307.00",,,1 Colour,Black/Dark Smoke Grey,IH8593-010,,
https://www.nike.com/ph/t/one-relaxed-dri-fit-high-waisted-trousers-4lt86j4P/IH8593-666,https://static.nike.com/a/images/t_default/76944d77-f08d-4200-88ac-d758b1316531/AS+W+NK+ONE+DF+RELAXED+PANT+CP.png,"Recycled Materials, SUSTAINABLE_MATERIALS",Nike One Relaxed,Women's Dri-FIT High-Waisted Trousers,"PHP 3,295.00","PHP 1,648.00",,,1 Colour,Rush Pink/Sweet Beet,IH8593-666,,
https://www.nike.com/ph/t/fc-barcelona-starting-5-fourth-football-woven-jacket-5sPc9h/FZ1281-431,https://static.nike.com/a/images/t_default/4a6f6fd5-886d-45fd-889e-6d36c5b3d926/FCB+M+NK+STRTFV+WVN+JKT+SE+GX.png,"Recycled Materials, SUSTAINABLE_MATERIALS",FC Barcelona Starting 5 Fourth,Men's Nike Football Woven Jacket,"PHP 3,895.00","PHP 2,337.00",,,1 Colour,Gym Blue/Opti Yellow/Opti Yellow,FZ1281-431,,
https://www.nike.com/ph/t/sb-zoom-nyjah-4-skate-shoes-gZTcsd/FQ1273-001,"https://static.nike.com/a/images/t_default/u_9ddf04c7-2a9a-4d76-add1-d15af8f0263d,c_scale,fl_relative,w_1.0,h_1.0,fl_layer_apply/c50d0048-3d12-47ce-a9aa-fd0bc17b58a4/NIKE+SB+ZOOM+NYJAH+4.png","Recycled Materials, SUSTAINABLE_MATERIALS",Nike SB Zoom Nyjah 4,Skate Shoes,"PHP 6,295.00","PHP 4,092.00",,,1 Colour,College Grey/Light Silver/Bright Crimson/Mink Brown,FQ1273-001,,
https://www.nike.com/ph/t/sb-zoom-nyjah-4-skate-shoes-gZTcsd/FQ1273-400,"https://static.nike.com/a/images/t_default/u_9ddf04c7-2a9a-4d76-add1-d15af8f0263d,c_scale,fl_relative,w_1.0,h_1.0,fl_layer_apply/279565a2-8ddd-41c3-bdf2-d6ee5247f665/NIKE+SB+ZOOM+NYJAH+4.png","Recycled Materials, SUSTAINABLE_MATERIALS",Nike SB Zoom Nyjah 4,Skate Shoes,"PHP 6,295.00","PHP 4,092.00",,,1 Colour,Glacier Blue/Smoky Blue/Sail/Black,FQ1273-400,,
https://www.nike.com/ph/t/court-borough-low-essential-older-shoes-hW1m0bt4/IQ2725-100,"https://static.nike.com/a/images/t_default/u_9ddf04c7-2a9a-4d76-add1-d15af8f0263d,c_scale,fl_relative,w_1.0,h_1.0,fl_layer_apply/325da1e0-520b-4cc2-b283-eb1717623016/COURT+BOROUGH+LOW+ESS%2B+%28GS%29.png","Bestseller, BEST_SELLER",Nike Court Borough Low Essential+,Older Kids' Shoes,"PHP 3,095.00","PHP 2,476.00",,,1 Colour,White/Moon Particle/Rust Factor,IQ2725-100,,
https://www.nike.com/ph/t/roshe-g-golf-shoes-Z5vWY4ME/HV4697-200,"https://static.nike.com/a/images/t_default/u_9ddf04c7-2a9a-4d76-add1-d15af8f0263d,c_scale,fl_relative,w_1.0,h_1.0,fl_layer_apply/7c808856-e096-433a-ac5e-7835aa4426b3/ROSHE+G+PRM.png","Bestseller, BEST_SELLER",Nike Roshe G,Golf Shoes,"PHP 6,295.00","PHP 4,407.00",,,1 Colour,Light Khaki/Light Liquid Lime/Sail/Black,HV4697-200,5,
https://www.nike.com/ph/t/pro-dri-fit-loose-crew-neck-french-terry-sweatshirt-GUVbwLgF/HV3592-390,https://static.nike.com/a/images/t_default/1d36f4d3-c278-4f24-9051-c9e0006f4b2c/AS+W+NP+DF+FLC+CREW+TT+GRX.png,"Recycled Materials, SUSTAINABLE_MATERIALS",Nike Pro,Women's Dri-FIT Loose Crew-Neck French Terry Sweatshirt,"PHP 3,095.00","PHP 1,857.00",,,1 Colour,Seaweed/Light Lemon Twist/White,HV3592-390,5,
https://www.nike.com/ph/t/pro-dri-fit-loose-crew-neck-french-terry-sweatshirt-GUVbwLgF/HV3592-010,https://static.nike.com/a/images/t_default/e626132d-458b-4fbf-8da7-c66aad483866/AS+W+NP+DF+FLC+CREW+TT+GRX.png,"Recycled Materials, SUSTAINABLE_MATERIALS",Nike Pro,Women's Dri-FIT Loose Crew-Neck French Terry Sweatshirt,"PHP 3,095.00","PHP 2,012.00",,,1 Colour,Black/White/White,HV3592-010,5,
https://www.nike.com/ph/t/kobe-older-trousers-dT8Kk2/HJ1015-547,https://static.nike.com/a/images/t_default/0c5c1379-ba17-4400-8921-c00ba6294d36/KB+K+NK+TF+FUND+PANT.png,"Recycled Materials, SUSTAINABLE_MATERIALS",Kobe,Older Kids' Therma-FIT Trousers,"PHP 1,895.00",PHP 948.00,,,1 Colour,Court Purple/University Gold/University Gold,HJ1015-547,5,
https://www.nike.com/ph/t/united-jr-mercurial-superfly-10-academy-older-multi-ground-high-top-football-boots-7EbDPQNr/IB1516-600,"https://static.nike.com/a/images/t_default/u_9ddf04c7-2a9a-4d76-add1-d15af8f0263d,c_scale,fl_relative,w_1.0,h_1.0,fl_layer_apply/d6e52bdb-9ae3-43d7-8f0a-c619df32f1bd/JR+ZM+SUPERFLY+10+ACD+FGMG+NU2.png","Member product, MEMBER_ACCESS_ALL",Nike United Jr. Mercurial Superfly 10 Academy,Older Kids' Multi-Ground High-Top Football Boot,"PHP 3,895.00","PHP 2,337.00",,,1 Colour,Silt Red/Racer Blue,IB1516-600,5,
https://www.nike.com/ph/t/acg-phantazma-adv-jacket-OOrxCGbb/IF1144-551,https://static.nike.com/a/images/t_default/2be0d675-6ada-4173-801a-1451fa2578a9/AS+M+ACG+SFADV+PHANTAZMA+JKT.png,"Recycled Materials, SUSTAINABLE_MATERIALS",Nike ACG 'Phantazma',Men's Storm-FIT ADV Jacket,"PHP 7,295.00","PHP 5,107.00",,,1 Colour,Vivid Purple/Black/Safety Orange/Summit White,IF1144-551,,
https://www.nike.com/ph/t/strike-dri-fit-short-sleeve-football-top-xcC8rISu/IF1462-684,https://static.nike.com/a/images/t_default/2e4498aa-20e7-4a25-af1c-2d69c76523c9/AS+M+NK+DF+STRK+TOP+SS.png,"Bestseller, BEST_SELLER",Nike Strike,Men's Dri-FIT Short-Sleeve Football Shirt,"PHP 1,795.00","PHP 1,436.00",,,1 Colour,Pinksicle/Black/Black/Black,IF1462-684,,
https://www.nike.com/ph/t/par-dri-fit-polo-TtI6oyJl/IB0219-419,https://static.nike.com/a/images/t_default/93b44620-dc8b-4eb4-8dfa-c4421d0c0518/AS+M+NK+DF+PAR+POLO+SS+STRPE+O.png,"Recycled Materials, SUSTAINABLE_MATERIALS",Nike Par,Men's Dri-FIT Polo,"PHP 4,095.00","PHP 2,867.00",,,1 Colour,College Navy,IB0219-419,,
https://www.nike.com/ph/t/gt-hustle-3-basketball-shoes-ZqrKK4/FV5953-402,"https://static.nike.com/a/images/t_default/u_9ddf04c7-2a9a-4d76-add1-d15af8f0263d,c_scale,fl_relative,w_1.0,h_1.0,fl_layer_apply/a2e7c930-5ad9-45d2-8365-39eee593300c/G.T.+HUSTLE+3.png","Recycled Materials, SUSTAINABLE_MATERIALS",Nike G.T. Hustle 3,Basketball Shoes,"PHP 10,295.00","PHP 5,662.00",,,1 Colour,Ashen Slate/Sail/White/Anthracite,FV5953-402,,
https://www.nike.com/ph/t/gt-hustle-3-basketball-shoes-ZqrKK4/FV5953-602,"https://static.nike.com/a/images/t_default/u_9ddf04c7-2a9a-4d76-add1-d15af8f0263d,c_scale,fl_relative,w_1.0,h_1.0,fl_layer_apply/fdc15965-ac15-4a01-ac26-82d321d92e13/G.T.+HUSTLE+3.png","Recycled Materials, SUSTAINABLE_MATERIALS",Nike G.T. Hustle 3,Basketball Shoes,"PHP 10,295.00","PHP 5,662.00",,,1 Colour,Red Stardust/Metallic Silver/Pink Tint/Pale Ivory,FV5953-602,,
https://www.nike.com/ph/t/gt-hustle-3-basketball-shoes-ZqrKK4/FV5953-700,"https://static.nike.com/a/images/t_default/u_9ddf04c7-2a9a-4d76-add1-d15af8f0263d,c_scale,fl_relative,w_1.0,h_1.0,fl_layer_apply/b52647cc-b10c-4278-acc7-59880a14f1fe/G.T.+HUSTLE+3.png","Recycled Materials, SUSTAINABLE_MATERIALS",Nike G.T. Hustle 3,Basketball Shoes,"PHP 10,295.00","PHP 5,662.00",,,1 Colour,Barely Volt/Metallic Silver/Dark Grey/Purple Agate,FV5953-700,,
https://www.nike.com/ph/t/air-max-alpha-trainer-6-workout-shoes-k6sbg6/FQ1833-109,"https://static.nike.com/a/images/t_default/u_9ddf04c7-2a9a-4d76-add1-d15af8f0263d,c_scale,fl_relative,w_1.0,h_1.0,fl_layer_apply/dce440c0-1148-474b-b4d7-2b83784ed9f4/M+AIR+MAX+ALPHA+TRAINER+6.png","Recycled Materials, SUSTAINABLE_MATERIALS",Nike Air Max Alpha Trainer 6,Men's Workout Shoes,"PHP 4,995.00","PHP 3,497.00",,,1 Colour,White/Black/Safety Orange,FQ1833-109,,
https://www.nike.com/ph/t/air-max-alpha-trainer-6-workout-shoes-k6sbg6/FQ1833-013,"https://static.nike.com/a/images/t_default/u_9ddf04c7-2a9a-4d76-add1-d15af8f0263d,c_scale,fl_relative,w_1.0,h_1.0,fl_layer_apply/1f987e53-62e0-4296-a4fd-bd6d034d9c40/M+AIR+MAX+ALPHA+TRAINER+6.png","Recycled Materials, SUSTAINABLE_MATERIALS",Nike Air Max Alpha Trainer 6,Men's Workout Shoes,"PHP 4,995.00","PHP 3,247.00",,,1 Colour,Black/Volt Tint/Barely Volt/Volt,FQ1833-013,,
https://www.nike.com/ph/t/air-max-alpha-trainer-6-workout-shoes-k6sbg6/FQ1833-012,"https://static.nike.com/a/images/t_default/u_9ddf04c7-2a9a-4d76-add1-d15af8f0263d,c_scale,fl_relative,w_1.0,h_1.0,fl_layer_apply/8d1df482-ec0e-4737-b95c-a983f0f4930f/M+AIR+MAX+ALPHA+TRAINER+6.png","Recycled Materials, SUSTAINABLE_MATERIALS",Nike Air Max Alpha Trainer 6,Men's Workout Shoes,"PHP 4,995.00","PHP 3,996.00",,,1 Colour,Black/Sail/Gum Light Brown/Parachute Beige,FQ1833-012,,
https://www.nike.com/ph/t/p-6000-shoes-ZMOIufzv/IO4646-014,"https://static.nike.com/a/images/t_default/u_9ddf04c7-2a9a-4d76-add1-d15af8f0263d,c_scale,fl_relative,w_1.0,h_1.0,fl_layer_apply/3a7bc4b1-3350-4fd9-bcc4-c3cb070bd2b9/NIKE+P-6000+%28TD%29.png","Bestseller, BEST_SELLER",Nike P-6000,Baby & Toddler Shoes,"PHP 3,345.00","PHP 2,342.00",,,1 Colour,Ghost/Light Thistle/Iron Purple/Sail,IO4646-014,5,
https://www.nike.com/ph/t/acg-trail-running-jacket-hInsWBdJ/IF2172-009,https://static.nike.com/a/images/t_default/ae62fb63-b3dd-4654-ad33-4f89ab7dc970/AS+M+ACG+TRAIL+ENERGY+JKT.png,"Recycled Materials, SUSTAINABLE_MATERIALS",Nike ACG,Men's Trail Running Jacket,"PHP 5,595.00","PHP 3,917.00",,,1 Colour,College Grey/Black/Mean Green/Summit White,IF2172-009,,
https://www.nike.com/ph/t/jordan-sport-10cm-diamond-shorts-VcZ6lM/FN5134-013,"https://static.nike.com/a/images/t_default/u_126ab356-44d8-4a06-89b4-fcdcc8df0245,c_scale,fl_relative,w_1.0,h_1.0,fl_layer_apply/611517bd-20f2-4c2f-8640-e5243eb00157/W+J+SPT+DMND+SHORT+4+IN.png","Bestseller, BEST_SELLER",Jordan Sport,Women's 10cm (approx.) Diamond Shorts,"PHP 1,995.00","PHP 1,397.00",,,1 Colour,Black/Black/Infrared 23/Infrared 23,FN5134-013,,
https://www.nike.com/ph/t/jordan-terra-beanie-BX095X/FZ2055-010,"https://static.nike.com/a/images/t_default/u_126ab356-44d8-4a06-89b4-fcdcc8df0245,c_scale,fl_relative,w_1.0,h_1.0,fl_layer_apply/8be51ab3-4480-404b-9909-3c0c3e387c0e/U+J+TERRA+BEANIE+ESS.png","Recycled Materials, SUSTAINABLE_MATERIALS",Jordan Terra,Beanie,"PHP 1,295.00",PHP 907.00,,,1 Colour,Black/White,FZ2055-010,,
https://www.nike.com/ph/t/air-jordan-1-low-se-older-shoes-xcFwIZCN/IB7111-005,"https://static.nike.com/a/images/t_default/u_126ab356-44d8-4a06-89b4-fcdcc8df0245,c_scale,fl_relative,w_1.0,h_1.0,fl_layer_apply/55514e8d-3042-43a2-9eea-0ff594dba93a/AIR+JORDAN+1+LOW+SE+%28GS%29.png","Bestseller, BEST_SELLER",Air Jordan 1 Low SE,Older Kids' Shoes,"PHP 5,495.00","PHP 3,572.00",,,1 Colour,Black/Light Wild Mango/Olive Grey,IB7111-005,,
https://www.nike.com/ph/t/247-perfectstretch-dri-fit-high-waisted-loose-wide-leg-trousers-G7flnd/HQ0236-010,https://static.nike.com/a/images/t_default/747244cc-e917-4ef2-b0f3-64b3800b1956/AS+W+NK+24.7+DF+HR+WD+LEG+PANT.png,"Recycled Materials, SUSTAINABLE_MATERIALS",Nike 24.7 PerfectStretch,Women's Dri-FIT High-Waisted Loose Wide-Leg Trousers,"PHP 5,395.00","PHP 3,777.00",,,1 Colour,Black/Dark Smoke Grey,HQ0236-010,5,
https://www.nike.com/ph/t/club-city-pack-structured-cap-FP35U7ID/IQ6060-078,"https://static.nike.com/a/images/t_default/u_9ddf04c7-2a9a-4d76-add1-d15af8f0263d,c_scale,fl_relative,w_1.0,h_1.0,fl_layer_apply/856ef4f7-aaa2-40a6-895b-531da1a95685/U+NK+CLUB+CAP+APLA.png","Recycled Materials, SUSTAINABLE_MATERIALS",Nike Club 'City Pack',Structured Cap,"PHP 1,295.00",PHP 907.00,,,1 Colour,College Grey/Cool Grey,IQ6060-078,,
https://www.nike.com/ph/t/nac-dri-fit-fleece-pullover-training-hoodie-8KwNEKZ3/IF2204-320,https://static.nike.com/a/images/t_default/413002f4-2036-4ba0-bc41-a299a9c2a8c5/AS+M+NK+DF+NAC+FLEECE+PO+HOODI.png,"Bestseller, BEST_SELLER",Nike N.A.C.,Men's Dri-FIT Fleece Pullover Training Hoodie,"PHP 3,195.00","PHP 2,237.00",,,1 Colour,Light Army/Light Army,IF2204-320,,
https://www.nike.com/ph/t/one-high-waisted-full-length-leggings-ujC4tToS/IM7053-010,https://static.nike.com/a/images/t_default/924dc882-8b46-4e1c-8d30-769d929a47b1/AS+W+NK+DF+ONE+HR+TIGHT+PE.png,"Recycled Materials, SUSTAINABLE_MATERIALS",Nike One,Women's High-Waisted Full-Length Leggings,"PHP 2,695.00","PHP 1,617.00",,,1 Colour,Black,IM7053-010,,
https://www.nike.com/ph/t/swift-dri-fit-short-sleeve-running-top-SDa9tbek/IQ0174-010,https://static.nike.com/a/images/t_default/e80fb520-4109-4530-a78e-5e9ab3406ada/AS+W+NK+SWIFT+DF+SS+TOP+NV.png,"Recycled Materials, SUSTAINABLE_MATERIALS",Nike Swift,Women's Dri-FIT Short-Sleeve Running Top,"PHP 2,395.00","PHP 1,677.00",,,1 Colour,Black/Iron Grey/Iron Grey,IQ0174-010,,
https://www.nike.com/ph/t/sportswear-windrunner-woven-trousers-As8Ypmha/IM8032-410,https://static.nike.com/a/images/t_default/ca0b03b5-8aef-46bc-a932-6f0edb3af6da/AS+W+NSW+NK+WR+WVN+PNT+SPEED.png,"Recycled Materials, SUSTAINABLE_MATERIALS",Nike Sportswear Windrunner,Women's Woven Trousers,"PHP 3,595.00","PHP 2,157.00",,,1 Colour,Midnight Navy/Sail/Sail,IM8032-410,,
https://www.nike.com/ph/t/sportswear-windrunner-woven-trousers-As8Ypmha/IM8032-010,https://static.nike.com/a/images/t_default/1bd336ee-2540-495a-8928-cf240afd03d1/AS+W+NSW+NK+WR+WVN+PNT+SPEED.png,"Recycled Materials, SUSTAINABLE_MATERIALS",Nike Sportswear Windrunner,Women's Woven Trousers,"PHP 3,595.00","PHP 2,517.00",,,1 Colour,Black/Sail/Sail,IM8032-010,,
https://www.nike.com/ph/t/jr-tiempo-legend-10-academy-younger-older-multi-ground-low-top-football-boot-dvM5Kc/DV4348-701,"https://static.nike.com/a/images/t_default/u_9ddf04c7-2a9a-4d76-add1-d15af8f0263d,c_scale,fl_relative,w_1.0,h_1.0,fl_layer_apply/8905517f-99e4-4c1f-90cc-92fcd5cb8982/JR+LEGEND+10+ACADEMY+FG%2FMG.png","Recycled Materials, SUSTAINABLE_MATERIALS",Nike Jr. Tiempo Legend 10 Academy,Younger/Older Kids' Multi-Ground Low-Top Football Boot,"PHP 3,195.00","PHP 2,237.00",,,1 Colour,Volt/Black,DV4348-701,,
https://www.nike.com/ph/t/free-golf-nn-golf-shoes-3b46B1/FN0332-004,https://static.nike.com/a/images/t_default/c3bbc2ae-7f8b-46bc-8c2c-17fbb4277468/NIKE+FREE+GOLF+NN.png,"Recycled Materials, SUSTAINABLE_MATERIALS",Nike Free Golf NN,Golf Shoes,"PHP 7,395.00","PHP 4,437.00",,,1 Colour,Anthracite/Cool Grey/Blue Hero,FN0332-004,1,
https://www.nike.com/ph/t/air-force-1-older-shoes-w6PsF3/CT3839-012,"https://static.nike.com/a/images/t_default/u_9ddf04c7-2a9a-4d76-add1-d15af8f0263d,c_scale,fl_relative,w_1.0,h_1.0,fl_layer_apply/edc410a9-9314-4bb6-ac95-ec3ba15c6a98/AIR+FORCE+1+%28GS%29.png","Bestseller, BEST_SELLER",Nike Air Force 1,Older Kids' Shoes,"PHP 4,095.00","PHP 2,867.00",,,1 Colour,Black/Court Blue/White/Dutch Blue,CT3839-012,,
https://www.nike.com/ph/t/academy-vini-jr-football-gymsack-CmQ1CUMA/IO9425-417,https://static.nike.com/a/images/t_default/312d2d22-0442-4576-812b-0decba419320/NK+ACDMY+GMSK+-+VJR+SP26.png,"Recycled Materials, SUSTAINABLE_MATERIALS",Nike Academy 'Vini Jr.',Football Gymsack,"PHP 1,195.00",PHP 837.00,,,1 Colour,Old Royal/Vivid Sky/Pink Blast,IO9425-417,,
https://www.nike.com/ph/t/sportswear-older-woven-tracksuit-sSqyFlzm/HQ9314-084,https://static.nike.com/a/images/t_default/506ff233-f19a-4c5a-a788-c2afcc740692/K+NSW+TRACKSUIT+WVN+FZ.png,"Recycled Materials, SUSTAINABLE_MATERIALS",Nike Sportswear,Older Kids' Woven Tracksuit,"PHP 2,995.00","PHP 2,097.00",,,1 Colour,Smoke Grey/Light Smoke Grey/Anthracite/White,HQ9314-084,,
https://www.nike.com/ph/t/everyday-plus-lightweight-crew-socks-FoM4vJ6g/HQ7762-902,"https://static.nike.com/a/images/t_default/u_9ddf04c7-2a9a-4d76-add1-d15af8f0263d,c_scale,fl_relative,w_1.0,h_1.0,fl_layer_apply/1cac9ea5-082e-4f30-8300-76ec9f9da48b/U+NK+ED+PL+LTWT+CRW+2P-144+WMN.png","Bestseller, BEST_SELLER",Nike Everyday Plus,Women's Lightweight Crew Socks (2-Pair),PHP 995.00,PHP 697.00,,,1 Colour,Multi-Colour,HQ7762-902,,
https://www.nike.com/ph/t/everyday-plus-lightweight-crew-socks-FoM4vJ6g/HQ7762-903,"https://static.nike.com/a/images/t_default/u_9ddf04c7-2a9a-4d76-add1-d15af8f0263d,c_scale,fl_relative,w_1.0,h_1.0,fl_layer_apply/6c3fd8f4-854a-435e-b35f-7b1fd3dbde99/U+NK+ED+PL+LTWT+CRW+2P-144+WMN.png","Bestseller, BEST_SELLER",Nike Everyday Plus,Women's Lightweight Crew Socks (2-Pair),PHP 995.00,PHP 647.00,,,1 Colour,Multi-Colour,HQ7762-903,,
https://www.nike.com/ph/t/sportswear-faux-fur-tote-tHPTtZ/FZ1323-010,"https://static.nike.com/a/images/t_default/u_9ddf04c7-2a9a-4d76-add1-d15af8f0263d,c_scale,fl_relative,w_1.0,h_1.0,fl_layer_apply/fcb3b2fc-1cb6-4568-842d-fce00b0dfb97/NK+NSW+FX+FUR+TOTE.png","Recycled Materials, SUSTAINABLE_MATERIALS",Nike Sportswear,Faux Fur Tote (10L),"PHP 3,695.00","PHP 2,402.00",,,1 Colour,Black/Black/Metallic Silver,FZ1323-010,,
https://www.nike.com/ph/t/primary-nanoknit-dri-fit-uv-protection-pullover-hoodie-eP31p8I6/II1305-214,https://static.nike.com/a/images/t_default/b6edb72d-9bb6-432f-9f05-570cb7be0ac3/AS+M+NK+DF+UV+PRMRY+NANO+PO+HD.png,"Recycled Materials, SUSTAINABLE_MATERIALS",Nike Primary NanoKnit,Men's Dri-FIT UV Protection Pullover Performance Hoodie,"PHP 3,295.00","PHP 2,307.00",,,1 Colour,Mink Brown/Mink Brown,II1305-214,5,
https://www.nike.com/ph/t/terra-manta-shoes-3LlBvq/HQ1940-002,"https://static.nike.com/a/images/t_default/u_9ddf04c7-2a9a-4d76-add1-d15af8f0263d,c_scale,fl_relative,w_1.0,h_1.0,fl_layer_apply/3abcbbc3-067c-4964-9689-0be3162794aa/W+NIKE+TERRA+MANTA.png","Recycled Materials, SUSTAINABLE_MATERIALS",Nike Terra Manta,Women's Shoes,"PHP 4,795.00","PHP 3,357.00",,,1 Colour,Photon Dust/Gum Light Brown/Flat Pewter/Metallic Pewter,HQ1940-002,,
https://www.nike.com/ph/t/terra-manta-shoes-3LlBvq/HQ1940-001,"https://static.nike.com/a/images/t_default/u_9ddf04c7-2a9a-4d76-add1-d15af8f0263d,c_scale,fl_relative,w_1.0,h_1.0,fl_layer_apply/c599c5ae-6994-452a-ac22-e92f484907e0/W+NIKE+TERRA+MANTA.png","Recycled Materials, SUSTAINABLE_MATERIALS",Nike Terra Manta,Women's Shoes,"PHP 4,795.00","PHP 2,877.00",,,1 Colour,Black/Black/White,HQ1940-001,,
https://www.nike.com/ph/t/terra-manta-shoes-3LlBvq/HQ1940-100,"https://static.nike.com/a/images/t_default/u_9ddf04c7-2a9a-4d76-add1-d15af8f0263d,c_scale,fl_relative,w_1.0,h_1.0,fl_layer_apply/37f20e9d-fe85-473d-885f-8019c82d3dcc/W+NIKE+TERRA+MANTA.png","Recycled Materials, SUSTAINABLE_MATERIALS",Nike Terra Manta,Women's Shoes,"PHP 4,795.00","PHP 3,117.00",,,1 Colour,White/Black/Black,HQ1940-100,,
https://www.nike.com/ph/t/sportswear-t-shirt-GGUDQb77/IH1166-010,https://static.nike.com/a/images/t_default/f67a75dd-2261-44f9-8731-65cc66c0f60c/AS+U+NSW+TEE+LSE+REFLECTIVE+CY.png,"Bestseller, BEST_SELLER",Nike Sportswear,T-Shirt,"PHP 1,995.00","PHP 1,397.00",,,1 Colour,Black/Reflect Silver,IH1166-010,,
https://www.nike.com/ph/t/dri-fit-one-high-waisted-7-8-french-terry-joggers-gCK8Ht/FB5435-010,"https://static.nike.com/a/images/t_default/u_9ddf04c7-2a9a-4d76-add1-d15af8f0263d,c_scale,fl_relative,w_1.0,h_1.0,fl_layer_apply/ee4e5bef-f130-4f54-831d-b4269050fe63/AS+W+NK+ONE+DF+JOGGER+PANT.png","Recycled Materials, SUSTAINABLE_MATERIALS",Nike Dri-FIT One,Women's High-Waisted 7/8 French Terry Joggers,"PHP 3,095.00","PHP 2,012.00",,,1 Colour,Black/White,FB5435-010,,
https://www.nike.com/ph/t/cosmic-runner-shoes-BlG0T8/HM4401-009,"https://static.nike.com/a/images/t_default/u_9ddf04c7-2a9a-4d76-add1-d15af8f0263d,c_scale,fl_relative,w_1.0,h_1.0,fl_layer_apply/c481d4d1-865d-4ee5-949a-f2dbf091cb2c/NIKE+COSMIC+RUNNER+%28TD%29.png","Recycled Materials, SUSTAINABLE_MATERIALS",Nike Cosmic Runner,Baby/Toddler Shoes,"PHP 2,295.00","PHP 1,492.00",,,1 Colour,Black/Light Liquid Lime/Fir/White,HM4401-009,,
https://www.nike.com/ph/t/cosmic-runner-shoes-BlG0T8/HM4401-012,"https://static.nike.com/a/images/t_default/u_9ddf04c7-2a9a-4d76-add1-d15af8f0263d,c_scale,fl_relative,w_1.0,h_1.0,fl_layer_apply/ee53c07e-9ea7-4b48-8c03-538b746505c5/NIKE+COSMIC+RUNNER+%28TD%29.png","Bestseller, BEST_SELLER",Nike Cosmic Runner,Baby/Toddler Shoes,"PHP 2,295.00","PHP 1,836.00",,,1 Colour,Pencil Point/Light Crimson/Black/White,HM4401-012,,
https://www.nike.com/ph/t/cosmic-runner-shoes-BlG0T8/HM4401-602,"https://static.nike.com/a/images/t_default/u_9ddf04c7-2a9a-4d76-add1-d15af8f0263d,c_scale,fl_relative,w_1.0,h_1.0,fl_layer_apply/fc99a6cf-3174-4953-8011-760e79162e5e/NIKE+COSMIC+RUNNER+%28TD%29.png","Recycled Materials, SUSTAINABLE_MATERIALS",Nike Cosmic Runner,Baby/Toddler Shoes,"PHP 2,295.00","PHP 1,836.00",,,1 Colour,Laser Fuchsia/Black/White,HM4401-602,,
https://www.nike.com/ph/t/one-high-waisted-7-8-leggings-Toiawr0U/IB9132-503,https://static.nike.com/a/images/t_default/90579e65-5b2e-477b-910e-1554429a365f/AS+W+NK+DF+ONE+HR+7%2F8+TGHT+CPS.png,"Recycled Materials, SUSTAINABLE_MATERIALS",Nike One,Women's High-Waisted 7/8 Leggings,"PHP 2,395.00","PHP 1,677.00",,,1 Colour,Light Magenta/White,IB9132-503,,
https://www.nike.com/ph/t/victori-one-shower-slide-bLFNwM/CZ7836-001,"https://static.nike.com/a/images/t_default/u_9ddf04c7-2a9a-4d76-add1-d15af8f0263d,c_scale,fl_relative,w_1.0,h_1.0,fl_layer_apply/84655d31-cfcb-4a41-9f9b-c0cfe0d540f7/W+NIKE+VICTORI+ONE+SHWER+SLIDE.png","Bestseller, BEST_SELLER",Nike Victori One,Women's Shower Slide,"PHP 1,295.00","PHP 1,039.00",,,1 Colour,Black/Black/White,CZ7836-001,,
https://www.nike.com/ph/t/fc-barcelona-starting-5-fourth-football-woven-trousers-lh8zht/FZ1282-431,https://static.nike.com/a/images/t_default/224d91ba-24e0-4a69-a34f-f8aacf93c9d4/FCB+M+NK+STRTFV+WVN+PANT+SE+GX.png,"Recycled Materials, SUSTAINABLE_MATERIALS",FC Barcelona Starting 5 Fourth,Men's Nike Football Woven Trousers,"PHP 3,795.00","PHP 1,898.00",,,1 Colour,Gym Blue/Opti Yellow/Opti Yellow,FZ1282-431,,
https://www.nike.com/ph/t/jordan-flight-fleece-mod-crop-crew-neck-sweatshirt-LZ841llw/IF1006-010,"https://static.nike.com/a/images/t_default/u_126ab356-44d8-4a06-89b4-fcdcc8df0245,c_scale,fl_relative,w_1.0,h_1.0,fl_layer_apply/6f0c6e29-9948-4547-80c0-9be39d80df5a/W+J+FLT+FLC+FT+MOD+CREW.png","Bestseller, BEST_SELLER",Jordan Flight Fleece,Women's Mod-Crop Crew-Neck Sweatshirt,"PHP 4,095.00","PHP 2,867.00",,,1 Colour,Black/Dark Smoke Grey,IF1006-010,5,
https://www.nike.com/ph/t/sportswear-chill-poplin-oversized-woven-long-sleeve-striped-top-7Yqi7QS7/II4222-461,https://static.nike.com/a/images/t_default/8eba9f2b-6386-4032-8da7-e52cf7e6e089/AS+W+NSW+OFLN+WV+PPLN+LS+STP+T.png,"Bestseller, BEST_SELLER",Nike Sportswear Chill Poplin,Women's Oversized Woven Long-Sleeve Striped Top,"PHP 3,095.00","PHP 2,167.00",,,1 Colour,Mystic Navy/Hydrogen Blue/Summit White,II4222-461,,
https://www.nike.com/ph/t/aura-crescent-cross-body-bag-L4XnGf/HQ4370-503,"https://static.nike.com/a/images/t_default/u_9ddf04c7-2a9a-4d76-add1-d15af8f0263d,c_scale,fl_relative,w_1.0,h_1.0,fl_layer_apply/07a53873-931a-4ec5-9f81-b8ff59a84f13/NK+AURA+CRESCENT+CROSSBODY.png","Recycled Materials, SUSTAINABLE_MATERIALS",Nike Aura,Crescent Cross-Body Bag (4L),"PHP 2,195.00","PHP 1,427.00",,,1 Colour,Light Magenta/Light Magenta/SM BLK ELCTRDEP,HQ4370-503,,
https://www.nike.com/ph/t/sportswear-older-jacket-xeJ97Vw7/HQ9375-301,https://static.nike.com/a/images/t_default/56d33f60-638e-4652-86a2-3a2d0ccb2e36/G+NSW+JKT+STY+STAR.png,"Recycled Materials, SUSTAINABLE_MATERIALS",Nike Sportswear,Older Kids' (Girls') Jacket,"PHP 2,795.00","PHP 1,398.00",,,1 Colour,Green Abyss/White,HQ9375-301,,
https://www.nike.com/ph/t/academy-team-backpack-Fj31bT/DV0761-383,"https://static.nike.com/a/images/t_default/u_9ddf04c7-2a9a-4d76-add1-d15af8f0263d,c_scale,fl_relative,w_1.0,h_1.0,fl_layer_apply/dfe19727-8efe-4088-ae95-e074a2a26952/NK+ACDMY+TEAM+BKPK+2.3.png","Recycled Materials, SUSTAINABLE_MATERIALS",Nike Academy Team,Backpack (30L),"PHP 2,595.00","PHP 1,817.00",,,1 Colour,Limelight/Hyper Crimson/Black,DV0761-383,,
https://www.nike.com/ph/t/swoosh-1-shoes-zqmX8g/FB3244-601,"https://static.nike.com/a/images/t_default/u_9ddf04c7-2a9a-4d76-add1-d15af8f0263d,c_scale,fl_relative,w_1.0,h_1.0,fl_layer_apply/3d7454d9-eaad-423a-9a89-bcb167da2a91/NIKE+SWOOSH+1+%28TD%29.png","Bestseller, BEST_SELLER",Nike Swoosh 1,Baby/Toddler Shoes,"PHP 2,895.00","PHP 2,027.00",,,1 Colour,Pearl Pink/Pink Foam/Pearl Pink,FB3244-601,,
https://www.nike.com/ph/t/kobe-winterized-basketball-jacket-JC9xbOvU/IM4865-010,https://static.nike.com/a/images/t_default/9000efd3-42a3-40ee-b9dd-fe57aa978eef/AS+KB+M+NK+WINTERIZED+TOP.png,"Recycled Materials, SUSTAINABLE_MATERIALS",Kobe,Men's Winterized Basketball Jacket,"PHP 5,395.00","PHP 3,237.00",,,1 Colour,Black/Anthracite/White,IM4865-010,,
https://www.nike.com/ph/t/academy-older-dri-fit-football-knit-shorts-7PI1vFe6/IF2770-077,https://static.nike.com/a/images/t_default/1412ad5d-91d8-4930-a7b0-4b3fd0b939a9/K+NK+DF+ACD25+SHORT+KP+7IN+-PD.png,"Recycled Materials, SUSTAINABLE_MATERIALS",Nike Academy,Older Kids' Dri-FIT Football Knit Shorts,"PHP 1,145.00",PHP 802.00,,,1 Colour,Light Smoke Grey/White/Black/Metallic Gold,IF2770-077,,
https://www.nike.com/ph/t/mercurial-superfly-10-academy-kylian-mbappe-mg-high-top-football-boot-Kb49k5/FQ8293-801,"https://static.nike.com/a/images/t_default/u_9ddf04c7-2a9a-4d76-add1-d15af8f0263d,c_scale,fl_relative,w_1.0,h_1.0,fl_layer_apply/be2a4bdc-670e-4456-a0a8-10db196ceb19/ZM+SUPERFLY+10+ACAD+KM+FG%2FMG.png","Member product, MEMBER_ACCESS_ALL",Nike Mercurial Superfly 10 Academy 'Kylian Mbappé',MG High-Top Football Boot,"PHP 5,495.00","PHP 3,297.00",,,1 Colour,Melon Tint/Igloo/Neo Turquoise,FQ8293-801,,
https://www.nike.com/ph/t/stride-repel-woven-running-trousers-JES7Bt36/IF2021-674,https://static.nike.com/a/images/t_default/ec994182-5ec1-4d1f-9571-0fd517fe7fa6/AS+M+NK+RPL+STRIDE+NVLTY+WVN+P.png,"Recycled Materials, SUSTAINABLE_MATERIALS",Nike Stride,Men's Repel Woven Running Trousers,"PHP 4,195.00","PHP 2,937.00",,,1 Colour,Dark Wine/Tattoo/Burgundy Crush,IF2021-674,,
https://www.nike.com/ph/t/universa-high-waisted-12-5cm-biker-shorts-with-no-front-seam-ja2zAIId/HQ6833-499,https://static.nike.com/a/images/t_default/6dcbae36-8e13-43a0-8447-2d67839b9fc1/AS+W+NK+DF+UNVRSA+HR+5IN+SHRT.png,"Recycled Materials, SUSTAINABLE_MATERIALS",Nike Universa,Women's High-Waisted 12.5cm (approx.) Biker Shorts with No Front Seam,"PHP 2,895.00","PHP 1,882.00",,,1 Colour,World Indigo/Sanded Purple/Celestine Blue,HQ6833-499,,
https://www.nike.com/ph/t/universa-high-waisted-12-5cm-biker-shorts-with-no-front-seam-ja2zAIId/HQ6833-634,https://static.nike.com/a/images/t_default/d60e1c38-c0f9-4226-a4de-d2d0fb687d0e/AS+W+NK+DF+UNVRSA+HR+5IN+SHRT.png,"Recycled Materials, SUSTAINABLE_MATERIALS",Nike Universa,Women's High-Waisted 12.5cm (approx.) Biker Shorts with No Front Seam,"PHP 2,895.00","PHP 2,027.00",,,1 Colour,Sweet Beet/Deep Garnet/Rush Maroon,HQ6833-634,,
https://www.nike.com/ph/t/jordan-pro-structured-dri-fit-flat-brim-golf-hat-dKuQhEM7/IM4540-040,"https://static.nike.com/a/images/t_default/u_126ab356-44d8-4a06-89b4-fcdcc8df0245,c_scale,fl_relative,w_1.0,h_1.0,fl_layer_apply/ccca9b02-fc61-4700-8f13-80b038ba8bf2/U+J+DF+PRO+CAP+US+FB+GOLF.png","Recycled Materials, SUSTAINABLE_MATERIALS",Jordan Pro,Structured Dri-FIT Flat-Brim Golf Hat,"PHP 1,395.00",PHP 977.00,,,1 Colour,Olive Grey/Olive Grey/Kelly Green/Black,IM4540-040,,
https://www.nike.com/ph/t/fc-barcelona-strike-fourth-dri-fit-football-anthem-jacket-W7HZMx/FZ3958-412,https://static.nike.com/a/images/t_default/8a5ae53d-d854-48ee-950d-052a3a15d039/FCB+M+NK+DF+STRK+ANTHM+JKT+SE.png,"Recycled Materials, SUSTAINABLE_MATERIALS",F.C. Barcelona Strike Fourth,Men's Nike Dri-FIT Football Anthem Jacket,"PHP 5,995.00","PHP 2,998.00",,,1 Colour,University Blue/Gym Blue/Opti Yellow,FZ3958-412,,
https://www.nike.com/ph/t/swoosh-sports-bra-c1sqxF/FJ7161-301,https://static.nike.com/a/images/t_default/e092ee42-f5f5-4a3b-b643-deadf2f67afc/G+NK+DF+SWOOSH+BRA.png,"Recycled Materials, SUSTAINABLE_MATERIALS",Nike Swoosh,Girls' Sports Bra,"PHP 1,045.00",PHP 627.00,,,1 Colour,Green Abyss/White,FJ7161-301,4,
https://www.nike.com/ph/t/pegasus-trail-5-older-trail-running-shoes-VHGsMh/FV5638-001,"https://static.nike.com/a/images/t_default/u_9ddf04c7-2a9a-4d76-add1-d15af8f0263d,c_scale,fl_relative,w_1.0,h_1.0,fl_layer_apply/cfe4c51a-2e73-47b7-9e63-9e901d7a4a0e/NIKE+PEGASUS+TRAIL+5+%28GS%29.png","Recycled Materials, SUSTAINABLE_MATERIALS",Nike Pegasus Trail 5,Older Kids' Trail-Running Shoes,"PHP 5,895.00","PHP 2,948.00",,,1 Colour,Black/Wolf Grey/Anthracite,FV5638-001,,
https://www.nike.com/ph/t/air-max-phoenix-older-shoes-Q89OyWNU/HF7052-105,"https://static.nike.com/a/images/t_default/u_9ddf04c7-2a9a-4d76-add1-d15af8f0263d,c_scale,fl_relative,w_1.0,h_1.0,fl_layer_apply/ced51691-eced-416e-88dd-fc74f44c0fe6/AIR+MAX+PHOENIX+%28GS%29.png","Bestseller, BEST_SELLER",Nike Air Max Phoenix,Older Kids' Shoes,"PHP 6,495.00","PHP 4,547.00",,,1 Colour,White/Black/Team Red,HF7052-105,5,
https://www.nike.com/ph/t/energy-dri-fit-short-sleeve-football-top-lZuUzw9v/IF1535-121,https://static.nike.com/a/images/t_default/22e4f3c1-5dbb-4f09-9f18-dd2ff7322728/AS+M+NK+DF+ENERGY+TOP+SS.png,"Recycled Materials, SUSTAINABLE_MATERIALS",Nike Energy,Men's Dri-FIT Short-Sleeve Football Shirt,"PHP 2,795.00","PHP 1,957.00",,,1 Colour,Summit White/Off-Noir/Summit White/Summit White,IF1535-121,,
https://www.nike.com/ph/t/jordan-flight-pro-unstructured-flat-bill-cap-UVfW9wkO/IF3528-305,"https://static.nike.com/a/images/t_default/u_126ab356-44d8-4a06-89b4-fcdcc8df0245,c_scale,fl_relative,w_1.0,h_1.0,fl_layer_apply/cd5723a5-3499-41ed-a937-e1492176d972/U+J+PRO+CAP+US+FB+DC+5PNL+FLT.png","Recycled Materials, SUSTAINABLE_MATERIALS",Jordan Flight Pro,Unstructured Flat-Bill Cap,"PHP 1,395.00",PHP 977.00,,,1 Colour,Vintage Lichen/Kelly Green/White,IF3528-305,,
https://www.nike.com/ph/t/cortez-shoes-JLwWEaR8/IR0042-900,"https://static.nike.com/a/images/t_default/u_9ddf04c7-2a9a-4d76-add1-d15af8f0263d,c_scale,fl_relative,w_1.0,h_1.0,fl_layer_apply/99fdabcc-2562-4986-89b1-179830a31cb7/W+NIKE+CORTEZ.png","Bestseller, BEST_SELLER",Nike Cortez,Women's Shoes,"PHP 5,795.00","PHP 3,767.00",,,1 Colour,Metallic Red Bronze/Rose Whisper/Sail,IR0042-900,5,
https://www.nike.com/ph/t/sportswear-oversized-woven-jacket-Ur6Ew4fx/IM7159-072,https://static.nike.com/a/images/t_default/8c3a6ff7-aafd-478a-99cf-2f0ebd07d33b/AS+W+NSW+WVN+RPL+JKT+OPP1.png,"Recycled Materials, SUSTAINABLE_MATERIALS",Nike Sportswear,Women's Oversized Woven Jacket,"PHP 3,895.00","PHP 2,532.00",,,1 Colour,Light Bone/Anthracite,IM7159-072,,
https://www.nike.com/ph/t/sportswear-older-long-sleeve-fleece-top-mmJvg69m/HV0406-499,https://static.nike.com/a/images/t_default/c628cc1c-0523-4cef-9c8b-00aab09c6396/G+NSW+FLC+LS+TOP+COZY.png,"Recycled Materials, SUSTAINABLE_MATERIALS",Nike Sportswear,Older Kids' (Girls') Long-Sleeve Fleece Top,"PHP 2,495.00","PHP 1,497.00",,,1 Colour,World Indigo/White,HV0406-499,,
https://www.nike.com/ph/t/aura-crescent-cross-body-bag-fPAlRMez/IB6207-017,"https://static.nike.com/a/images/t_default/u_9ddf04c7-2a9a-4d76-add1-d15af8f0263d,c_scale,fl_relative,w_1.0,h_1.0,fl_layer_apply/e7452b0d-30ec-4a21-a304-692b520fe364/NK+AURA+CRSCNT+CRSSBY-CORD.png","Recycled Materials, SUSTAINABLE_MATERIALS",Nike Aura,Crescent Cross-Body Bag (4L),"PHP 2,495.00","PHP 1,622.00",,,1 Colour,Cannon/Cannon/MT SILVER BRL,IB6207-017,,
https://www.nike.com/ph/t/swift-dri-fit-adv-running-top-with-reflective-design-accents-DiSFXImA/IQ3747-019,https://static.nike.com/a/images/t_default/c9104f65-e167-4eb7-9d38-52c4e23643c0/AS+W+NK+SWFT+DFADV+REF+TOP+SS.png,"Recycled Materials, SUSTAINABLE_MATERIALS",Nike Swift,Women's Dri-FIT ADV Running Top with Reflective Design Accents,"PHP 3,095.00","PHP 2,167.00",,,1 Colour,Platinum Violet/Sea Glass/Vast Grey,IQ3747-019,,
https://www.nike.com/ph/t/swift-dri-fit-adv-running-top-with-reflective-design-accents-DiSFXImA/IQ3747-070,https://static.nike.com/a/images/t_default/d1758e65-9a3e-47f9-a51e-0d12404609d2/AS+W+NK+SWFT+DFADV+REF+TOP+SS.png,"Recycled Materials, SUSTAINABLE_MATERIALS",Nike Swift,Women's Dri-FIT ADV Running Top with Reflective Design Accents,"PHP 3,095.00","PHP 2,476.00",,,1 Colour,Dark Smoke Grey/Platinum Violet/Smoke Grey,IQ3747-070,,
https://www.nike.com/ph/t/one-older-dri-fit-high-waisted-woven-training-shorts-W9Hds7/DX4967-634,https://static.nike.com/a/images/t_default/eddad91e-3c23-4f4d-8ccf-d28a17c599e0/G+NK+DF+ONE+WVN+HR+SHORT.png,"Recycled Materials, SUSTAINABLE_MATERIALS",Nike One,Older Kids' (Girls') Dri-FIT High-Waisted Woven Training Shorts,"PHP 1,145.00",PHP 687.00,,,1 Colour,Sweet Beet/White,DX4967-634,4,
https://www.nike.com/ph/t/jordan-brooklyn-hooded-draft-jacket-sDv3zN/HF9333-237,"https://static.nike.com/a/images/t_default/u_126ab356-44d8-4a06-89b4-fcdcc8df0245,c_scale,fl_relative,w_1.0,h_1.0,fl_layer_apply/02ea9611-ab98-4224-8f83-7c5bc57a1a3b/M+J+BRK+DRAFT+JKT.png","Recycled Materials, SUSTAINABLE_MATERIALS",Jordan Brooklyn,Men's Hooded Draft Jacket,"PHP 4,295.00","PHP 2,792.00",,,1 Colour,Baroque Brown/Medium Olive/Sail/Sail,HF9333-237,,
https://www.nike.com/ph/t/force-1-low-lv8-easyon-younger-shoes-0izOvusP/II7095-600,"https://static.nike.com/a/images/t_default/u_9ddf04c7-2a9a-4d76-add1-d15af8f0263d,c_scale,fl_relative,w_1.0,h_1.0,fl_layer_apply/6cb37355-db11-4cb6-bd8b-662d578d9b2f/FORCE+1+LOW+EASYON+LV8+1+%28PS%29.png","Bestseller, BEST_SELLER",Nike Force 1 Low LV8 EasyOn,Younger Kids' Shoes,"PHP 4,295.00","PHP 3,007.00",,,1 Colour,Silt Red/University Red/Sail,II7095-600,,
https://www.nike.com/ph/t/kobe-dri-fit-fleece-pullover-basketball-hoodie-OZyEnyrE/IO9562-010,https://static.nike.com/a/images/t_default/882c4fb8-726d-40ad-83a2-18a3c07a0657/AS+KB+M+NK+DF+FLC+PO+HDY+81.png,"Recycled Materials, SUSTAINABLE_MATERIALS",Kobe,Men's Dri-FIT Fleece Pullover Basketball Hoodie,"PHP 4,295.00","PHP 3,007.00",,,1 Colour,Black/White,IO9562-010,,
https://www.nike.com/ph/t/book-standard-issue-brushed-trousers-rOJrZmUm/II3924-010,https://static.nike.com/a/images/t_default/2274a21f-7830-4502-b1e0-e44fc711708c/AS+DB+M+NK+TF+SI+BRSH+PANT.png,"Bestseller, BEST_SELLER",Book Standard Issue,Men's Brushed Trousers,"PHP 5,395.00","PHP 3,777.00",,,1 Colour,Black/Black,II3924-010,,
https://www.nike.com/ph/t/one-dri-fit-woven-jacket-VqxhdPgv/IB8984-570,https://static.nike.com/a/images/t_default/e40240dc-2e87-439c-b993-df89da63d4c6/AS+W+NK+ONE+DF+WVN+JACKET.png,"Bestseller, BEST_SELLER",Nike One,Women's Dri-FIT Woven Jacket,"PHP 3,095.00","PHP 2,167.00",,,1 Colour,Sapphire/White,IB8984-570,,
https://www.nike.com/ph/t/air-max-90-shoes-K0mczj/DH8010-002,"https://static.nike.com/a/images/t_default/u_9ddf04c7-2a9a-4d76-add1-d15af8f0263d,c_scale,fl_relative,w_1.0,h_1.0,fl_layer_apply/8cc40f5a-3693-4976-9ce0-70ec9687889b/WMNS+AIR+MAX+90.png","Recycled Materials, SUSTAINABLE_MATERIALS",Nike Air Max 90,Women's Shoes,"PHP 6,595.00","PHP 4,287.00",,,1 Colour,Black/Black/White,DH8010-002,,
https://www.nike.com/ph/t/kobe-older-winterised-basketball-top-rVilxn10/IB2739-010,"https://static.nike.com/a/images/t_default/u_9ddf04c7-2a9a-4d76-add1-d15af8f0263d,c_scale,fl_relative,w_1.0,h_1.0,fl_layer_apply/632235b8-9dd3-4512-8def-5f41cccd1df3/KB+K+NK+WINTERIZED+TOP.png","Recycled Materials, SUSTAINABLE_MATERIALS",Kobe,Older Kids' Winterised Basketball Top,"PHP 3,695.00","PHP 2,217.00",,,1 Colour,Black/Anthracite/White,IB2739-010,5,
https://www.nike.com/ph/t/shox-tl-shoes-with-reflective-design-accents-kxZqhf9u/IB1087-002,"https://static.nike.com/a/images/t_default/u_9ddf04c7-2a9a-4d76-add1-d15af8f0263d,c_scale,fl_relative,w_1.0,h_1.0,fl_layer_apply/ea5a6d07-7931-4e4f-9b10-d90d5eaf6364/W+NIKE+SHOX+TL.png","Bestseller, BEST_SELLER",Nike Shox TL,Women's shoes with reflective accents,"PHP 9,695.00","PHP 6,787.00",,,1 Colour,Photon Dust/Metallic Silver/Photon Dust,IB1087-002,,
https://www.nike.com/ph/t/swift-high-waisted-7-8-running-leggings-with-pockets-35Nc1j/HJ2253-499,https://static.nike.com/a/images/t_default/97b2b844-b41f-4df0-ab3c-a94a652fa366/AS+W+NK+DF+SWIFT+HR+7%2F8+TIGHT.png,"Recycled Materials, SUSTAINABLE_MATERIALS",Nike Swift,Women's High-Waisted 7/8 Running Leggings with Pockets,"PHP 3,295.00","PHP 1,977.00",,,1 Colour,World Indigo,HJ2253-499,,
https://www.nike.com/ph/t/dri-fit-club-unstructured-featherlight-cap-J9Hvf3/FB5682-570,"https://static.nike.com/a/images/t_default/u_9ddf04c7-2a9a-4d76-add1-d15af8f0263d,c_scale,fl_relative,w_1.0,h_1.0,fl_layer_apply/e874fb27-a50f-4ae4-a79b-5a50f5e0c581/U+NK+DF+CLUB+CAP+U+AB+FL+P.png","Bestseller, BEST_SELLER",Nike Dri-FIT Club,Unstructured Featherlight Cap,"PHP 1,045.00",PHP 836.00,,,1 Colour,Sapphire/White,FB5682-570,,
https://www.nike.com/ph/t/tech-fleece-hoodie-3idDkzjP/IF1320-010,https://static.nike.com/a/images/t_default/40bb5e6b-7c76-4f10-afd5-929e5853545d/AS+M+NK+TCH+FLC+ERGO+FZ.png,"Recycled Materials, SUSTAINABLE_MATERIALS",Nike Tech,Men's Fleece Full-Zip Hoodie,"PHP 6,495.00","PHP 4,547.00",,,1 Colour,Black/Black,IF1320-010,,
https://www.nike.com/ph/t/tech-fleece-hoodie-3idDkzjP/IF1320-212,https://static.nike.com/a/images/t_default/14f00eb5-a023-4234-b499-7cd2575de973/AS+M+NK+TCH+FLC+ERGO+FZ.png,"Recycled Materials, SUSTAINABLE_MATERIALS",Nike Tech,Men's Fleece Full-Zip Hoodie,"PHP 6,495.00","PHP 4,222.00",,,1 Colour,Dark Hazel/Black,IF1320-212,,
https://www.nike.com/ph/t/jordan-flight-padded-mountainside-pullover-hoodie-Kw9VJsO2/HV1864-010,"https://static.nike.com/a/images/t_default/u_126ab356-44d8-4a06-89b4-fcdcc8df0245,c_scale,fl_relative,w_1.0,h_1.0,fl_layer_apply/ae8e81e2-9720-4704-b528-3e1822437a46/M+J+FLT+MTNSIDE+PADDED+PO.png","Recycled Materials, SUSTAINABLE_MATERIALS",Jordan Flight,Men's Padded Mountainside Pullover Hoodie,"PHP 5,695.00","PHP 3,702.00",,,1 Colour,Black/Dark Smoke Grey,HV1864-010,5,
https://www.nike.com/ph/t/velocity-1-2-zip-golf-top-PvEkN2oD/IB0308-407,https://static.nike.com/a/images/t_default/097c0db6-faef-4da7-bae5-c0310336ba65/AS+M+NK+TF+VLCTY+1%2F2+ZIP+TOP.png,"Bestseller, BEST_SELLER",Nike Velocity,Men's Therma-FIT 1/2-Zip Golf Top,"PHP 3,095.00","PHP 2,167.00",,,1 Colour,Hydrogen Blue/Black,IB0308-407,,
https://www.nike.com/ph/t/unicorn-dri-fit-adv-cushioned-crew-socks-dndqGS/FZ3399-100,"https://static.nike.com/a/images/t_default/u_9ddf04c7-2a9a-4d76-add1-d15af8f0263d,c_scale,fl_relative,w_1.0,h_1.0,fl_layer_apply/e4ef012e-68ad-42b1-899f-704fb0ed5620/U+NK+UNICORN+CSH+CRW+1PR+-+160.png","Recycled Materials, SUSTAINABLE_MATERIALS",Nike Unicorn,Dri-FIT ADV Cushioned Crew Socks (1 Pair),PHP 995.00,PHP 647.00,,,1 Colour,White/White/Black,FZ3399-100,,
https://www.nike.com/ph/t/unicorn-dri-fit-adv-cushioned-crew-socks-dndqGS/FZ3399-010,"https://static.nike.com/a/images/t_default/u_9ddf04c7-2a9a-4d76-add1-d15af8f0263d,c_scale,fl_relative,w_1.0,h_1.0,fl_layer_apply/5c377eb2-72d1-4b15-b650-bceec6c76109/U+NK+UNICORN+CSH+CRW+1PR+-+160.png","Recycled Materials, SUSTAINABLE_MATERIALS",Nike Unicorn,Dri-FIT ADV Cushioned Crew Socks (1 Pair),PHP 995.00,PHP 647.00,,,1 Colour,Black/Anthracite/White,FZ3399-010,,
https://www.nike.com/ph/t/unicorn-dri-fit-adv-cushioned-crew-socks-dndqGS/FZ3399-014,"https://static.nike.com/a/images/t_default/u_9ddf04c7-2a9a-4d76-add1-d15af8f0263d,c_scale,fl_relative,w_1.0,h_1.0,fl_layer_apply/8771e50a-08f9-4187-a620-c2240233237c/U+NK+UNICORN+CSH+CRW+1PR+-+160.png","Bestseller, BEST_SELLER",Nike Unicorn,Dri-FIT ADV Cushioned Crew Socks (1 Pair),PHP 995.00,PHP 697.00,,,1 Colour,Black/Volt/Volt,FZ3399-014,,
https://www.nike.com/ph/t/tatum-dri-fit-woven-trousers-ZTmhtiCR/IH0604-010,"https://static.nike.com/a/images/t_default/u_126ab356-44d8-4a06-89b4-fcdcc8df0245,c_scale,fl_relative,w_1.0,h_1.0,fl_layer_apply/7d640631-f836-4266-8dd7-dab1f8d3e2f7/M+J+DF+SPRT+WOVEN+PANT+JT.png","Recycled Materials, SUSTAINABLE_MATERIALS",Tatum,Men's Dri-FIT Woven Trousers,"PHP 4,195.00","PHP 2,517.00",,,1 Colour,Black/University Red,IH0604-010,,
https://www.nike.com/ph/t/lego-collection-older-peak-beanie-bigz6GYH/HV9263-470,"https://static.nike.com/a/images/t_default/u_9ddf04c7-2a9a-4d76-add1-d15af8f0263d,c_scale,fl_relative,w_1.0,h_1.0,fl_layer_apply/dd0fb7bc-fdb2-4df2-b78a-952efd762025/NIKE+X+LEGO+COLLECTION+BEANIE.png","Recycled Materials, SUSTAINABLE_MATERIALS",Nike x LEGO® Collection,Older Kids' Peak Beanie,"PHP 1,145.00",PHP 802.00,,,1 Colour,Cobalt Blaze/Brave Blue,HV9263-470,5,
https://www.nike.com/ph/t/pro-fleece-hoodie-Sx6yAJfp/HV3601-010,https://static.nike.com/a/images/t_default/b28e945e-5946-4181-8f66-c5f13d6d303a/as+W+NP+TF+FLC+HOODIE+GG+GRX.png,"Recycled Materials, SUSTAINABLE_MATERIALS",Nike Pro,Women's Therma-FIT Fleece Hoodie,"PHP 3,895.00","PHP 2,532.00",,,1 Colour,Black/White,HV3601-010,,
https://www.nike.com/ph/t/pro-fleece-hoodie-Sx6yAJfp/HV3601-634,https://static.nike.com/a/images/t_default/ec9d6a1a-502c-4a8a-9285-dac26ccd38b9/as+W+NP+TF+FLC+HOODIE+GG+GRX.png,"Recycled Materials, SUSTAINABLE_MATERIALS",Nike Pro,Women's Therma-FIT Fleece Hoodie,"PHP 3,895.00","PHP 1,948.00",,,1 Colour,Sweet Beet/White,HV3601-634,,
https://www.nike.com/ph/t/air-jordan-1-mid-shoes-86f1ZW/BQ6472-122,"https://static.nike.com/a/images/t_default/u_126ab356-44d8-4a06-89b4-fcdcc8df0245,c_scale,fl_relative,w_1.0,h_1.0,fl_layer_apply/9cf2d5be-40de-4108-80f5-9e57fd926f38/WMNS+AIR+JORDAN+1+MID.png","Bestseller, BEST_SELLER",Air Jordan 1 Mid,Women's Shoes,"PHP 7,095.00","PHP 4,612.00",,,1 Colour,Sail/Enigma Stone/Coconut Milk/Particle Rose,BQ6472-122,,
https://www.nike.com/ph/t/pro-training-dri-fit-short-sleeve-top-NmOsu1qh/HV0410-360,"https://static.nike.com/a/images/t_default/u_9ddf04c7-2a9a-4d76-add1-d15af8f0263d,c_scale,fl_relative,w_1.0,h_1.0,fl_layer_apply/f34b0947-5206-4bea-b1f7-c0a1cf1b7d9a/AS+M+NP+DF+NPT+SS+TOP.png","Bestseller, BEST_SELLER",Nike Pro Training,Men's Dri-FIT Short-Sleeve Top,"PHP 1,795.00","PHP 1,436.00",,,1 Colour,Light Liquid Lime/Black,HV0410-360,,
https://www.nike.com/ph/t/usmnt-goalkeeper-football-t-shirt-rNdom3Mn/IO4585-010,https://static.nike.com/a/images/t_default/0b720c5b-f970-44aa-b3f2-1f5a6587064e/USA+M+NK+PREM+GK+TEE.png,"Promo Exclusion, PW_PROMO_EXCLUDED",USMNT Premium Goalkeeper,Men's Nike Football T-Shirt,"PHP 1,995.00",PHP 998.00,,,1 Colour,Black,IO4585-010,,
https://www.nike.com/ph/t/acg-dri-fit-t-shirt-yx1FroEY/IH4411-100,https://static.nike.com/a/images/t_default/4d0c043b-c285-4dbd-94e3-bc5d23ed1b6e/AS+M+ACG+DF+TEE+STD+TRAIL+ENER.png,"Bestseller, BEST_SELLER",Nike ACG,Men's Dri-FIT T-Shirt,"PHP 1,795.00","PHP 1,436.00",,,1 Colour,Summit White/Persian Violet,IH4411-100,,
https://www.nike.com/ph/t/acg-dri-fit-t-shirt-yx1FroEY/IH4411-010,https://static.nike.com/a/images/t_default/a9d2eec0-994e-4f6d-ac62-c09a601f9bd2/AS+M+ACG+DF+TEE+STD+TRAIL+ENER.png,"Bestseller, BEST_SELLER",Nike ACG,Men's Dri-FIT T-Shirt,"PHP 1,795.00","PHP 1,436.00",,,1 Colour,Black/Volt Ice,IH4411-010,,
https://www.nike.com/ph/t/kawa-younger-older-slides-yATYZXRb/819352-001,"https://static.nike.com/a/images/t_default/u_9ddf04c7-2a9a-4d76-add1-d15af8f0263d,c_scale,fl_relative,w_1.0,h_1.0,fl_layer_apply/b72645ea-95a7-4d20-9f30-f3e309a9767d/NIKE+KAWA+SLIDE+%28GS%2FPS%29.png","Bestseller, BEST_SELLER",Nike Kawa,Younger/Older Kids' Slides,"PHP 1,295.00","PHP 1,039.00",,,1 Colour,Black/White,819352-001,,
https://www.nike.com/ph/t/dri-fit-primary-training-t-shirt-z9dSFb/DV9832-098,"https://static.nike.com/a/images/t_default/u_9ddf04c7-2a9a-4d76-add1-d15af8f0263d,c_scale,fl_relative,w_1.0,h_1.0,fl_layer_apply/beed8b14-461a-4ef6-8404-97f4e60ebe12/AS+M+NK+DF+PRIMARY+STMT+SS.png","Bestseller, BEST_SELLER",Nike Dri-FIT Primary,Men's Training T-Shirt,"PHP 1,995.00","PHP 1,596.00",,,1 Colour,Grey Fog/Grey Fog,DV9832-098,5,
https://www.nike.com/ph/t/mercurial-vapor-16-academy-kylian-mbappe-tf-low-top-football-shoes-J546Np/FQ8384-801,"https://static.nike.com/a/images/t_default/u_9ddf04c7-2a9a-4d76-add1-d15af8f0263d,c_scale,fl_relative,w_1.0,h_1.0,fl_layer_apply/9385d25f-868a-4a5c-8743-b740e408d723/ZOOM+VAPOR+16+ACADEMY+KM+TF.png","Member product, MEMBER_ACCESS_ALL",Nike Mercurial Vapor 16 Academy 'Kylian Mbappé',TF Low-Top Football Shoes,"PHP 4,995.00","PHP 2,498.00",,,1 Colour,Melon Tint/Igloo/Neo Turquoise,FQ8384-801,1,
https://www.nike.com/ph/t/jr-mercurial-vapor-16-academy-kylian-mbappe-older-multi-ground-low-top-football-boot-01jdVd/FQ8394-801,"https://static.nike.com/a/images/t_default/u_9ddf04c7-2a9a-4d76-add1-d15af8f0263d,c_scale,fl_relative,w_1.0,h_1.0,fl_layer_apply/d026acb4-fbd2-403b-9dfc-71c5f4041484/JR+ZOOM+VAPOR+16+ACAD+KM+FG%2FMG.png","Member product, MEMBER_ACCESS_ALL",Nike Jr. Mercurial Vapor 16 Academy 'Kylian Mbappé',Older Kids' Multi-Ground Low-Top Football Boot,"PHP 3,695.00","PHP 1,848.00",,,1 Colour,Melon Tint/Igloo/Neo Turquoise,FQ8394-801,,
https://www.nike.com/ph/t/sportswear-windrunner-older-hooded-repel-jacket-H8F69TZc/IF2821-503,https://static.nike.com/a/images/t_default/b15eefcb-8820-4c39-9a74-84faa2266f82/K+NSW+RPL+WR+HD+JKT.png,"Recycled Materials, SUSTAINABLE_MATERIALS",Nike Sportswear Windrunner,Older Kids' Hooded Repel Jacket,"PHP 2,595.00","PHP 1,817.00",,,1 Colour,Light Magenta/Black/White,IF2821-503,5,
https://www.nike.com/ph/t/pinnacle-running-tights-2QEA1nVV/HV2717-010,https://static.nike.com/a/images/t_default/6f2e6b5c-3f11-4c4d-9ba2-9cd0fa23d340/AS+M+NK+PINNACLE+RUN+TIGHT.png,"Recycled Materials, SUSTAINABLE_MATERIALS",Nike Pinnacle,Men's Running Tights,"PHP 4,495.00","PHP 3,147.00",,,1 Colour,Black,HV2717-010,,
https://www.nike.com/ph/t/acg-tuff-fleece-pullover-crew-neck-sweatshirt-WzolUL6P/IF1491-009,https://static.nike.com/a/images/t_default/0bde42f6-9249-463a-92a1-2a652bf4b141/AS+U+ACG+TF+TUFF+FLC+PO+OC+SSN.png,"Bestseller, BEST_SELLER",Nike ACG 'Tuff Fleece',Men's Therma-FIT Pullover Crew-Neck Sweatshirt,"PHP 5,195.00","PHP 3,637.00",,,1 Colour,College Grey,IF1491-009,,
https://www.nike.com/ph/t/sportswear-phoenix-cozy-boucle-short-sleeve-cropped-knit-top-R0sBaiST/HV2771-667,https://static.nike.com/a/images/t_default/1f470d34-79e2-498b-81c1-448dbb4b4e3e/AS+W+NSW+PHNX+BCL+SS+CROP+TOP.png,"Recycled Materials, SUSTAINABLE_MATERIALS",Nike Sportswear Phoenix Cosy Bouclé,Women's Short-Sleeve Cropped Knit Top,"PHP 3,095.00","PHP 1,857.00",,,1 Colour,Silt Red/Malt/Silt Red,HV2771-667,,
https://www.nike.com/ph/t/air-jordan-mule-shoes-9PAPEZZZ/HJ4292-100,"https://static.nike.com/a/images/t_default/u_126ab356-44d8-4a06-89b4-fcdcc8df0245,c_scale,fl_relative,w_1.0,h_1.0,fl_layer_apply/2a3505c1-aac0-4e23-92f8-049e6362b7b0/WMNS+AIR+JORDAN+MULE.png","Bestseller, BEST_SELLER",Air Jordan Mule,Women's Shoes,"PHP 8,595.00","PHP 5,587.00",,,1 Colour,Summit White/Black/Metallic Silver,HJ4292-100,,
https://www.nike.com/ph/t/air-max-phoenix-younger-shoes-sjMQ0Ltz/HF7053-105,"https://static.nike.com/a/images/t_default/u_9ddf04c7-2a9a-4d76-add1-d15af8f0263d,c_scale,fl_relative,w_1.0,h_1.0,fl_layer_apply/8c70633c-fcff-4157-b490-d6611a7e168b/AIR+MAX+PHOENIX+%28PS%29.png","Bestseller, BEST_SELLER",Nike Air Max Phoenix,Little Kids' Shoes,"PHP 5,695.00","PHP 3,987.00",,,1 Colour,White/Black/Team Red,HF7053-105,,
https://www.nike.com/ph/t/air-max-phoenix-younger-shoes-sjMQ0Ltz/HF7053-009,"https://static.nike.com/a/images/t_default/u_9ddf04c7-2a9a-4d76-add1-d15af8f0263d,c_scale,fl_relative,w_1.0,h_1.0,fl_layer_apply/5e6e43bb-e0e9-48d0-ae39-b9d4d3d42276/AIR+MAX+PHOENIX+%28PS%29.png","Bestseller, BEST_SELLER",Nike Air Max Phoenix,Little Kids' Shoes,"PHP 5,695.00","PHP 3,987.00",,,1 Colour,Black/Anthracite/Smoke Grey/White,HF7053-009,,
https://www.nike.com/ph/t/jordan-sport-dri-fit-10cm-diamond-shorts-dy4Co96N/HQ8908-010,"https://static.nike.com/a/images/t_default/u_126ab356-44d8-4a06-89b4-fcdcc8df0245,c_scale,fl_relative,w_1.0,h_1.0,fl_layer_apply/c204401f-81d4-4fe1-a14f-3fbcdba05027/W+J+SPT+DF+DMND+SRT+4IN+SHN.png","Recycled Materials, SUSTAINABLE_MATERIALS",Jordan Sport,Women's Dri-FIT 10cm (approx.) Diamond Shorts,"PHP 2,195.00","PHP 1,537.00",,,1 Colour,Black/Black,HQ8908-010,,
https://www.nike.com/ph/t/lebron-velour-basketball-hoodie-6vPXNSlW/IM0636-010,https://static.nike.com/a/images/t_default/7d13991f-4645-450e-929c-6c04dc17b927/AS+LJ+M+NK+FZ+HD+FK+VLR.png,"Bestseller, BEST_SELLER",LeBron,Men's Velour Full-Zip Basketball Hoodie,"PHP 6,495.00","PHP 4,547.00",,,1 Colour,Black,IM0636-010,,
https://www.nike.com/ph/t/swift-dri-fit-short-sleeve-running-top-4kqdRP/HM9699-511,https://static.nike.com/a/images/t_default/6ba084d0-9ec5-40f0-a859-ff434d5e468e/AS+W+NK+SWIFT+DF+SS+TOP.png,"Bestseller, BEST_SELLER",Nike Swift,Women's Dri-FIT Short-Sleeve Running Top,"PHP 1,995.00","PHP 1,596.00",,,1 Colour,Violet Mist,HM9699-511,,
https://www.nike.com/ph/t/nikecourt-dri-fit-tennis-polo-xQtSz0/DH0858-010,https://static.nike.com/a/images/t_default/b8f732db-24c7-4d94-82d7-f519ecfc26a8/AS+M+NKCT+DF+POLO+SOLID.png,"Recycled Materials, SUSTAINABLE_MATERIALS",NikeCourt Dri-FIT,Men's Tennis Polo,"PHP 1,895.00","PHP 1,519.00",,,1 Colour,Black/White,DH0858-010,,
https://www.nike.com/ph/t/kobe-winterized-basketball-trousers-36aPsrzn/IM4867-010,https://static.nike.com/a/images/t_default/90d76f62-7059-4c92-9fc3-2d12c8ef79c6/AS+KB+M+NK+WINTERIZED+BOTTOM.png,"Recycled Materials, SUSTAINABLE_MATERIALS",Kobe,Men's Winterized Basketball Trousers,"PHP 4,995.00","PHP 3,247.00",,,1 Colour,Black/Anthracite/White,IM4867-010,,
https://www.nike.com/ph/t/inter-milan-2026-stadium-se-acg-dri-fit-football-replica-shorts-5XDJWuhO/IB3151-010,https://static.nike.com/a/images/t_default/c07f788b-355d-4c88-a4b4-107c38a16b50/INTER+M+NK+DF+SHORT+STAD+SE.png,"Recycled Materials, SUSTAINABLE_MATERIALS",Inter Milan 2026 Stadium SE,Men's Nike ACG Dri-FIT Football Replica Shorts,"PHP 2,195.00","PHP 1,537.00",,,1 Colour,Black/Safety Orange,IB3151-010,,
https://www.nike.com/ph/t/form-tank-top-bodysuit-W5s8zc/HQ7007-011,https://static.nike.com/a/images/t_default/c2c0f94a-0632-459a-9725-acfaee82d7c7/AS+W+NK+DF+TANK+BODYSUIT.png,"Recycled Materials, SUSTAINABLE_MATERIALS",Nike Form,Women's Tank Bodysuit,"PHP 2,795.00","PHP 1,677.00",,,1 Colour,Black/Smoke Grey/Dark Smoke Grey,HQ7007-011,,
https://www.nike.com/ph/t/advantage-dri-fit-mid-rise-tennis-trousers-3PTHI1F7/IB0783-736,https://static.nike.com/a/images/t_default/d5cad9e5-fa94-4f38-8f8e-aeee5e813840/AS+W+NKCT+DF+ADVTG+MR+PANT.png,"Bestseller, BEST_SELLER",Nike Advantage,Women's Dri-FIT Mid-Rise Tennis Trousers,"PHP 3,595.00","PHP 2,517.00",,,1 Colour,Light Lemon Twist/Black,IB0783-736,,
https://www.nike.com/ph/t/air-force-1-07-se-valentines-day-shoes-lmfauoWB/IQ9965-001,"https://static.nike.com/a/images/t_default/u_9ddf04c7-2a9a-4d76-add1-d15af8f0263d,c_scale,fl_relative,w_1.0,h_1.0,fl_layer_apply/b71cccca-37c7-49cc-8c05-bd6f09d5cc2a/W+AIR+FORCE+1+%2707+LOW+SE.png","Bestseller, BEST_SELLER",Air Force 1 '07 SE 'Valentine's Day',Women's Shoes,"PHP 7,595.00","PHP 4,937.00",,,1 Colour,Black/University Red/Black,IQ9965-001,,
https://www.nike.com/ph/t/jr-mercurial-vapor-16-club-younger-low-top-football-shoes-QVRdJD/FQ8291-300,"https://static.nike.com/a/images/t_default/u_9ddf04c7-2a9a-4d76-add1-d15af8f0263d,c_scale,fl_relative,w_1.0,h_1.0,fl_layer_apply/acd1e415-f408-4abe-8d75-fa301b5e94a7/JR+VAPOR+16+CLUB+TF+PS+%28V%29.png","Recycled Materials, SUSTAINABLE_MATERIALS",Nike Jr. Mercurial Vapor 16 Club,Younger Kids' Turf Low-Top Football Shoes,"PHP 1,995.00",PHP 998.00,,,1 Colour,Limelight/Hyper Crimson/Volt,FQ8291-300,4,
https://www.nike.com/ph/t/swift-dri-fit-mid-layer-running-top-HZIEIjqg/IQ3754-751,https://static.nike.com/a/images/t_default/e71c136f-3117-407a-b6bc-e6c61ad1fd9f/AS+W+NK+SWIFT+DF+FZ+MDLYR+WOP2.png,"Bestseller, BEST_SELLER",Nike Swift,Women's Dri-FIT Full-Zip Mid-Layer Running Top,"PHP 4,195.00","PHP 2,937.00",,,1 Colour,Life Lime/Sea Glass/Platinum Violet,IQ3754-751,,
https://www.nike.com/ph/t/swift-dri-fit-mid-layer-running-top-HZIEIjqg/IQ3754-070,https://static.nike.com/a/images/t_default/b1ee5d75-9c75-46df-89c7-4fc874aa304e/AS+W+NK+SWIFT+DF+FZ+MDLYR+WOP2.png,"Recycled Materials, SUSTAINABLE_MATERIALS",Nike Swift,Women's Dri-FIT Full-Zip Mid-Layer Running Top,"PHP 4,195.00","PHP 2,937.00",,,1 Colour,Dark Smoke Grey/Dark Smoke Grey/Light Smoke Grey,IQ3754-070,,
https://www.nike.com/ph/t/team-hustle-d-12-younger-shoes-jZj4M6/HF6280-103,"https://static.nike.com/a/images/t_default/u_9ddf04c7-2a9a-4d76-add1-d15af8f0263d,c_scale,fl_relative,w_1.0,h_1.0,fl_layer_apply/cb963b7a-32a0-4682-ba5b-bd2eca6588ed/TEAM+HUSTLE+D+12+%28PS%29.png","Recycled Materials, SUSTAINABLE_MATERIALS",Nike Team Hustle D 12,Younger Kids' Shoes,"PHP 3,095.00","PHP 2,167.00",,,1 Colour,White/University Gold/Vivid Purple/White,HF6280-103,,
https://www.nike.com/ph/t/tour-dri-fit-golf-hoodie-GhS8wh/HM5821-010,https://static.nike.com/a/images/t_default/2055d9b7-9445-45aa-9afe-183ec7170b26/AS+M+NK+DF+TOUR+LTWT+HOODIE.png,"Recycled Materials, SUSTAINABLE_MATERIALS",Nike Tour,Men's Dri-FIT Golf Hoodie,"PHP 3,895.00","PHP 2,337.00",,,1 Colour,Black/White,HM5821-010,,
https://www.nike.com/ph/t/tottenham-hotspur-2025-26-stadium-home-dri-fit-football-replica-shorts-xxs46l/HJ4683-424,https://static.nike.com/a/images/t_default/f7e2d339-4de3-44bb-85bb-bbb322570b99/THFC+M+NK+DF+SHORT+STAD+HM.png,"Recycled Materials, SUSTAINABLE_MATERIALS",Tottenham Hotspur 2025/26 Stadium Home,Men's Nike Dri-FIT Football Replica Shorts,"PHP 1,995.00","PHP 1,397.00",,,1 Colour,Binary Blue/Light Iron Ore/White,HJ4683-424,,
https://www.nike.com/ph/t/sportswear-phoenix-fleece-oversized-logo-hoodie-hq4Me8Dt/IM9644-323,https://static.nike.com/a/images/t_default/1ac20e13-9c9f-42a0-9a36-ea80c254f501/AS+W+NSW+PHNX+FLC+OS+LOGO+HDY.png,"Bestseller, BEST_SELLER",Nike Sportswear Phoenix Fleece,Women's Oversized Logo Hoodie (Plus Size),"PHP 3,795.00","PHP 2,657.00",,,1 Colour,Fir/Malachite,IM9644-323,,
https://www.nike.com/ph/t/sportswear-phoenix-fleece-oversized-logo-hoodie-hq4Me8Dt/IM9644-010,https://static.nike.com/a/images/t_default/394167a4-ace7-433d-9d3d-4b39f454b2aa/AS+W+NSW+PHNX+FLC+OS+LOGO+HDY.png,"Bestseller, BEST_SELLER",Nike Sportswear Phoenix Fleece,Women's Oversized Logo Hoodie (Plus Size),"PHP 3,795.00","PHP 2,657.00",,,1 Colour,Black/Summit White,IM9644-010,,
https://www.nike.com/ph/t/shox-ride-2-shoes-1ieqItrN/IQ3369-101,"https://static.nike.com/a/images/t_default/u_9ddf04c7-2a9a-4d76-add1-d15af8f0263d,c_scale,fl_relative,w_1.0,h_1.0,fl_layer_apply/5db32807-8403-4292-a211-abdf5500e592/NIKE+SHOX+RIDE+2+PRM.png","Bestseller, BEST_SELLER",Nike Shox Ride 2 Premium,Men's Shoes,"PHP 10,295.00","PHP 6,692.00",,,1 Colour,Off-White/Baroque Brown/Light Chocolate/Off-White,IQ3369-101,,
https://www.nike.com/ph/t/pro-warm-tights-p9gxnN/FB7962-084,https://static.nike.com/a/images/t_default/073c05d9-b7fb-4817-a6b8-a04c0beebd2b/AS+M+NP+WARM+TGHT.png,"Recycled Materials, SUSTAINABLE_MATERIALS",Nike Pro Warm,Men's Tights,"PHP 2,195.00","PHP 1,317.00",,,1 Colour,Smoke Grey/Black,FB7962-084,,
https://www.nike.com/ph/t/universa-high-waisted-7-8-leggings-with-no-front-seam-1EBkkild/HV2257-634,https://static.nike.com/a/images/t_default/fe4ead10-1327-41e4-a2d8-9a90e1dbcf52/AS+W+NK+DF+UNVRSA+HR+7%2F8+EMB.png,"Recycled Materials, SUSTAINABLE_MATERIALS",Nike Universa,Women's High-Waisted 7/8 Leggings with No Front Seam,"PHP 4,495.00","PHP 2,248.00",,,1 Colour,Sweet Beet/Deep Garnet/Rush Maroon,HV2257-634,,
https://www.nike.com/ph/t/vini-jr-academy-older-dri-fit-football-shorts-VKXUF2Gt/IQ0267-417,https://static.nike.com/a/images/t_default/4262abfe-2701-4b5e-86b0-17384aad4e75/VJ+K+NK+DF+ACD25+SHORT+K+7IN.png,"Recycled Materials, SUSTAINABLE_MATERIALS",Vini Jr. Academy,Older Kids' Nike Dri-FIT Football Shorts,"PHP 1,395.00",PHP 977.00,,,1 Colour,Midnight Navy/Pink Foam/Metallic Silver,IQ0267-417,,
https://www.nike.com/ph/t/everyday-essential-ankle-socks-8zdqfW/DX5074-010,"https://static.nike.com/a/images/t_default/u_9ddf04c7-2a9a-4d76-add1-d15af8f0263d,c_scale,fl_relative,w_1.0,h_1.0,fl_layer_apply/aa54e1e8-2900-4ddd-a55e-e7ed3f885199/U+NK+NSW+EVERYDAY+ESSENTIAL+AN.png","Recycled Materials, SUSTAINABLE_MATERIALS",Nike Everyday Essential,Ankle Socks (3 Pairs),PHP 845.00,PHP 676.00,,,1 Colour,Black/White,DX5074-010,,
https://www.nike.com/ph/t/team-hustle-d-12-older-basketball-shoes-kDbJ6R/HF6279-103,"https://static.nike.com/a/images/t_default/u_9ddf04c7-2a9a-4d76-add1-d15af8f0263d,c_scale,fl_relative,w_1.0,h_1.0,fl_layer_apply/04edb717-bdb2-404a-a4b6-8e64e4e5a61c/TEAM+HUSTLE+D+12+%28GS%29.png","Recycled Materials, SUSTAINABLE_MATERIALS",Nike Team Hustle D 12,Older Kids' Basketball Shoes,"PHP 3,395.00","PHP 2,207.00",,,1 Colour,White/University Gold/Vivid Purple/White,HF6279-103,5,
https://www.nike.com/ph/t/team-hustle-d-12-older-basketball-shoes-kDbJ6R/HF6279-600,"https://static.nike.com/a/images/t_default/u_9ddf04c7-2a9a-4d76-add1-d15af8f0263d,c_scale,fl_relative,w_1.0,h_1.0,fl_layer_apply/c7c15fd4-0445-4597-82e8-b674bacb4c00/TEAM+HUSTLE+D+12+%28GS%29.png","Recycled Materials, SUSTAINABLE_MATERIALS",Nike Team Hustle D 12,Older Kids' Basketball Shoes,"PHP 3,395.00","PHP 2,207.00",,,1 Colour,Laser Fuchsia/Black/White,HF6279-600,,
https://www.nike.com/ph/t/team-hustle-d-12-older-basketball-shoes-kDbJ6R/HF6279-003,"https://static.nike.com/a/images/t_default/u_9ddf04c7-2a9a-4d76-add1-d15af8f0263d,c_scale,fl_relative,w_1.0,h_1.0,fl_layer_apply/a0ca3e58-64c7-4775-8027-c1bdd790f9f0/TEAM+HUSTLE+D+12+%28GS%29.png","Recycled Materials, SUSTAINABLE_MATERIALS",Nike Team Hustle D 12,Older Kids' Basketball Shoes,"PHP 3,395.00","PHP 2,207.00",,,1 Colour,Black/Metallic Gold/White/Black,HF6279-003,,
https://www.nike.com/ph/t/team-hustle-d-12-older-basketball-shoes-kDbJ6R/HF6279-104,"https://static.nike.com/a/images/t_default/u_9ddf04c7-2a9a-4d76-add1-d15af8f0263d,c_scale,fl_relative,w_1.0,h_1.0,fl_layer_apply/b21d24f6-b061-4a4b-aa60-3868e0919883/TEAM+HUSTLE+D+12+%28GS%29.png","Bestseller, BEST_SELLER",Nike Team Hustle D 12,Older Kids' Basketball Shoes,"PHP 3,395.00","PHP 2,207.00",,,1 Colour,Summit White/Midnight Navy/University Blue/Volt Tint,HF6279-104,,
https://www.nike.com/ph/t/united-jr-mercurial-vapor-16-academy-older-multi-ground-low-top-football-boots-RbJ1iHXS/IB3660-600,"https://static.nike.com/a/images/t_default/u_9ddf04c7-2a9a-4d76-add1-d15af8f0263d,c_scale,fl_relative,w_1.0,h_1.0,fl_layer_apply/fc83ebe2-8568-4ed8-8a55-34cbfdf78355/JR+ZM+VAPOR+16+ACAD+FG%2FMG+NU2.png","Member product, MEMBER_ACCESS_ALL",Nike United Jr. Mercurial Vapor 16 Academy,Older Kids' Multi-Ground Low-Top Football Boot,"PHP 3,695.00","PHP 2,217.00",,,1 Colour,Silt Red/Racer Blue,IB3660-600,,
https://www.nike.com/ph/t/air-jordan-1-low-method-of-make-shoes-hRcJVSQO/HQ2186-601,"https://static.nike.com/a/images/t_default/u_126ab356-44d8-4a06-89b4-fcdcc8df0245,c_scale,fl_relative,w_1.0,h_1.0,fl_layer_apply/eca46328-7268-423b-a6fc-97a0cd5fa919/WMNS+AIR+JORDAN+1+MM+LOW+V3.png","Bestseller, BEST_SELLER",Air Jordan 1 Low Method of Make,Women's Shoes,"PHP 7,895.00","PHP 5,132.00",,,1 Colour,Particle Rose/Barely Rose/Metallic Silver/Enigma Stone,HQ2186-601,,
https://www.nike.com/ph/t/air-max-nova-older-shoes-G9tMJq/FN4446-400,"https://static.nike.com/a/images/t_default/u_9ddf04c7-2a9a-4d76-add1-d15af8f0263d,c_scale,fl_relative,w_1.0,h_1.0,fl_layer_apply/fbfedb9f-cfe3-4b14-9129-1cf36873ae8a/NIKE+AIR+MAX+NOVA+%28GS%29.png","Recycled Materials, SUSTAINABLE_MATERIALS",Nike Air Max Nova,Older Kids' Shoes,"PHP 3,945.00","PHP 2,564.00",,,1 Colour,Racer Blue/Black/White/Green Strike,FN4446-400,,
https://www.nike.com/ph/t/air-max-nova-older-shoes-G9tMJq/FN4446-007,"https://static.nike.com/a/images/t_default/u_9ddf04c7-2a9a-4d76-add1-d15af8f0263d,c_scale,fl_relative,w_1.0,h_1.0,fl_layer_apply/1fe9e951-4e38-4daf-b2a0-2f67544b52c7/NIKE+AIR+MAX+NOVA+%28GS%29.png","Bestseller, BEST_SELLER",Nike Air Max Nova,Older Kids' Shoes,"PHP 3,945.00","PHP 2,762.00",,,1 Colour,Anthracite/University Red/Black,FN4446-007,,
https://www.nike.com/ph/t/aja-wilson-asymmetric-mid-rise-single-leg-basketball-leggings-GJzX23/HQ6456-010,https://static.nike.com/a/images/t_default/18bbcc29-a505-496e-99dd-d1792ed4f2eb/AS+W+NP+AJA+SINGLE+LEG+TIGHT.png,"Recycled Materials, SUSTAINABLE_MATERIALS",A'ja Wilson,Women's A'symmetric Mid-Rise Single-Leg Basketball Leggings,"PHP 2,095.00","PHP 1,467.00",,,1 Colour,Black,HQ6456-010,,
https://www.nike.com/ph/t/mercurial-superfly-10-academy-multi-ground-high-top-football-boot-RBK0MH/FQ1456-446,"https://static.nike.com/a/images/t_default/u_9ddf04c7-2a9a-4d76-add1-d15af8f0263d,c_scale,fl_relative,w_1.0,h_1.0,fl_layer_apply/a067366e-04f6-4027-8950-b58fd5d63283/ZM+SUPERFLY+10+ACAD+FG%2FMG.png","Bestseller, BEST_SELLER",Nike Mercurial Superfly 10 Academy,Multi-Ground High-Top Football Boot,"PHP 5,195.00","PHP 3,637.00",,,1 Colour,Racer Blue/White,FQ1456-446,,
https://www.nike.com/ph/t/mercurial-superfly-10-academy-multi-ground-high-top-football-boot-RBK0MH/FQ1456-300,"https://static.nike.com/a/images/t_default/u_9ddf04c7-2a9a-4d76-add1-d15af8f0263d,c_scale,fl_relative,w_1.0,h_1.0,fl_layer_apply/89f8a941-648e-4792-b094-930a69474210/ZM+SUPERFLY+10+ACAD+FG%2FMG.png","Recycled Materials, SUSTAINABLE_MATERIALS",Nike Mercurial Superfly 10 Academy,Multi-Ground High-Top Football Boot,"PHP 5,195.00","PHP 3,377.00",,,1 Colour,Limelight/Hyper Crimson/Volt,FQ1456-300,,
https://www.nike.com/ph/t/jr-tiempo-maestro-academy-le-multi-ground-low-top-football-boots-EH9hfxWJ/IB5027-960,"https://static.nike.com/a/images/t_default/u_9ddf04c7-2a9a-4d76-add1-d15af8f0263d,c_scale,fl_relative,w_1.0,h_1.0,fl_layer_apply/72d35cae-df0e-4ae0-97c9-b8bbe795547b/JR+TIEMPO+MAESTRO+ACAD+FGMG+LE.png","Bestseller, BEST_SELLER",Nike Jr Tiempo Maestro Academy LE,Multi-Ground Low-Top Football Boots,"PHP 3,595.00","PHP 2,876.00",,,1 Colour,Metallic Red Bronze/Metallic Rose Gold,IB5027-960,,
https://www.nike.com/ph/t/golf-club-dri-fit-golf-trousers-SGKgbpRe/IH3245-502,https://static.nike.com/a/images/t_default/6cbca31e-7c44-4ec8-bc75-1e13f38e53e6/AS+W+NK+DF+NGC+PNT.png,"Recycled Materials, SUSTAINABLE_MATERIALS",Nike Golf Club,Women's Dri-FIT Golf Trousers,"PHP 4,795.00","PHP 3,357.00",,,1 Colour,Tattoo/Black,IH3245-502,,
https://www.nike.com/ph/t/star-runner-5-younger-running-shoes-7vHlQm23/HF7005-300,"https://static.nike.com/a/images/t_default/u_9ddf04c7-2a9a-4d76-add1-d15af8f0263d,c_scale,fl_relative,w_1.0,h_1.0,fl_layer_apply/1313dea8-c784-4110-93b0-6a4e6bed4ecc/NIKE+STAR+RUNNER+5+%28PS%29.png","Recycled Materials, SUSTAINABLE_MATERIALS",Nike Star Runner 5,Younger Kids' Running Shoes,"PHP 2,895.00","PHP 1,882.00",,,1 Colour,Green Strike/Imperial Purple/White,HF7005-300,,
https://www.nike.com/ph/t/form-dri-fit-hooded-versatile-jacket-Bz3WcP/FB7483-084,"https://static.nike.com/a/images/t_default/u_9ddf04c7-2a9a-4d76-add1-d15af8f0263d,c_scale,fl_relative,w_1.0,h_1.0,fl_layer_apply/ff57f091-5f28-4ee0-b9f2-caca40bc4746/AS+M+NK+DF+FORM+HD+JKT.png","Recycled Materials, SUSTAINABLE_MATERIALS",Nike Form,Men's Dri-FIT Hooded Versatile Jacket,"PHP 3,095.00","PHP 2,167.00",,,1 Colour,Smoke Grey,FB7483-084,,
https://www.nike.com/ph/t/primary-nanoknit-dri-fit-uv-protection-tracksuit-bottoms-20NuG22B/II1307-214,https://static.nike.com/a/images/t_default/2980ec10-78a1-4f9f-aad3-baca57757148/AS+M+NK+DF+UV+PRMRY+NANO+PNT.png,"Recycled Materials, SUSTAINABLE_MATERIALS",Nike Primary NanoKnit,Men's Dri-FIT UV Protection Performance Tracksuit Bottoms,"PHP 3,595.00","PHP 2,517.00",,,1 Colour,Mink Brown/Mink Brown,II1307-214,,
https://www.nike.com/ph/t/sportswear-lny-oversized-crew-neck-sweatshirt-xCdrSZGD/IQ3825-657,https://static.nike.com/a/images/t_default/70e62136-bb0f-4284-b702-3fd0c8871f3d/AS+W+NSW+OS+CREW+CNY.png,"Bestseller, BEST_SELLER",Nike Sportswear LNY,Women's Oversized Crew-Neck Sweatshirt,"PHP 3,095.00","PHP 2,167.00",,,1 Colour,University Red,IQ3825-657,,
https://www.nike.com/ph/t/sportswear-pleated-jacket-O516zaf5/IM7458-010,https://static.nike.com/a/images/t_default/eb87b591-b614-4223-8743-afc9b2bd3af0/AS+W+NSW+PLEATED+JKT.png,"Recycled Materials, SUSTAINABLE_MATERIALS",Nike Sportswear,Women's Pleated Jacket,"PHP 5,395.00","PHP 3,507.00",,,1 Colour,Black/Sail,IM7458-010,,
https://www.nike.com/ph/t/sportswear-pleated-jacket-O516zaf5/IM7458-133,https://static.nike.com/a/images/t_default/0b9bbe11-0871-4109-aff7-a658e305bc67/AS+W+NSW+PLEATED+JKT.png,"Recycled Materials, SUSTAINABLE_MATERIALS",Nike Sportswear,Women's Pleated Jacket,"PHP 5,395.00","PHP 3,507.00",,,1 Colour,Sail/Black,IM7458-133,,
https://www.nike.com/ph/t/jordan-brooklyn-hike-mike-reflective-design-draft-jacket-W9WZ1alF/IF1877-095,"https://static.nike.com/a/images/t_default/u_126ab356-44d8-4a06-89b4-fcdcc8df0245,c_scale,fl_relative,w_1.0,h_1.0,fl_layer_apply/468b1155-0f9b-4552-b959-6e93e90811ac/M+J+BRK+HIKE+MIKE+DFT+JKT.png","Recycled Materials, SUSTAINABLE_MATERIALS",Jordan Brooklyn,Men's Hike Mike Reflective Design Draft Jacket,"PHP 7,495.00","PHP 4,872.00",,,1 Colour,Metallic Silver,IF1877-095,,
https://www.nike.com/ph/t/sportswear-loose-mid-rise-satin-trousers-qvqt24SW/IH1327-010,"https://static.nike.com/a/images/t_default/u_9ddf04c7-2a9a-4d76-add1-d15af8f0263d,c_scale,fl_relative,w_1.0,h_1.0,fl_layer_apply/b7009bc3-15d7-4751-9add-1fa29dff6ca9/AS+W+NSW+OFFLN+WVN+STN+PANT.png","Bestseller, BEST_SELLER",Nike Sportswear,Women's Loose Mid-Rise Satin Trousers,"PHP 3,795.00","PHP 2,657.00",,,1 Colour,Black/Sail,IH1327-010,,
https://www.nike.com/ph/t/sportswear-loose-mid-rise-satin-trousers-qvqt24SW/IH1327-323,"https://static.nike.com/a/images/t_default/u_9ddf04c7-2a9a-4d76-add1-d15af8f0263d,c_scale,fl_relative,w_1.0,h_1.0,fl_layer_apply/ee36a06e-2cb5-4681-9bb3-65c9170e9e35/AS+W+NSW+OFFLN+WVN+STN+PANT.png","Bestseller, BEST_SELLER",Nike Sportswear,Women's Loose Mid-Rise Satin Trousers,"PHP 3,795.00","PHP 2,657.00",,,1 Colour,Fir/Sail,IH1327-323,,
https://www.nike.com/ph/t/long-sleeve-running-t-shirt-XSs8sXFB/IQ3749-751,https://static.nike.com/a/images/t_default/24254702-7c02-4d58-918d-0c335570be5c/AS+W+NK+TEE+LS+WOP2.png,"Recycled Materials, SUSTAINABLE_MATERIALS",Nike,Women's Long-Sleeve Running T-Shirt,"PHP 2,095.00","PHP 1,467.00",,,1 Colour,Life Lime/Oxygen Purple,IQ3749-751,,
https://www.nike.com/ph/t/long-sleeve-running-t-shirt-XSs8sXFB/IQ3749-070,https://static.nike.com/a/images/t_default/8cf632d2-5775-477a-8f3f-3f08c6308f9a/AS+W+NK+TEE+LS+WOP2.png,"Recycled Materials, SUSTAINABLE_MATERIALS",Nike,Women's Long-Sleeve Running T-Shirt,"PHP 2,095.00","PHP 1,467.00",,,1 Colour,Dark Smoke Grey/Oxygen Purple,IQ3749-070,,
https://www.nike.com/ph/t/book-standard-issue-brushed-pullover-hoodie-Hc1d4ePQ/II3922-010,https://static.nike.com/a/images/t_default/531a0060-bd01-415e-8d37-d2b4f58fff3b/AS+DB+M+NK+TF+SI+BRSH+PO+HD.png,"Bestseller, BEST_SELLER",Book Standard Issue,Men's Brushed Pullover Hoodie,"PHP 5,395.00","PHP 3,777.00",,,1 Colour,Black/Black,II3922-010,,
https://www.nike.com/ph/t/sportswear-swoosh-series-oversized-down-puffer-jacket-PIhJWeVK/IB2006-121,https://static.nike.com/a/images/t_default/e4de4586-6f83-4c4e-8149-ccadd111e918/AS+W+NSW+TF+DWN+SWSH+PFR.png,"Recycled Materials, SUSTAINABLE_MATERIALS",Nike Sportswear Swoosh Series,Women's Therma-FIT Oversized Down Puffer Jacket,"PHP 11,695.00","PHP 7,602.00",,,1 Colour,Summit White/Summit White,IB2006-121,,
https://www.nike.com/ph/t/247-perfectstretch-dri-fit-loose-fit-cropped-jacket-CA5irOVo/IB8987-010,https://static.nike.com/a/images/t_default/a00487c3-d8a2-419c-9f6a-bcf35c47f371/AS+W+NK+24.7+DF+WVN+CROP+JACKE.png,"Recycled Materials, SUSTAINABLE_MATERIALS",Nike 24.7 PerfectStretch,Women's Dri-FIT Loose-Fit Cropped Jacket,"PHP 7,695.00","PHP 5,387.00",,,1 Colour,Black/Black/Dark Smoke Grey,IB8987-010,,
https://www.nike.com/ph/t/247-perfectstretch-dri-fit-loose-fit-cropped-jacket-CA5irOVo/IB8987-104,https://static.nike.com/a/images/t_default/2f30243b-b242-4b17-8433-1b8d204930fb/AS+W+NK+24.7+DF+WVN+CROP+JACKE.png,"Recycled Materials, SUSTAINABLE_MATERIALS",Nike 24.7 PerfectStretch,Women's Dri-FIT Loose-Fit Cropped Jacket,"PHP 7,695.00","PHP 5,387.00",,,1 Colour,Light Orewood Brown/Light Orewood Brown/Light Iron Ore,IB8987-104,,
https://www.nike.com/ph/t/kobe-pullover-hoodie-LJG2MW/HJ4206-010,https://static.nike.com/a/images/t_default/ced19c45-941a-4599-8b59-8383d2d2eab4/AS+KB+U+NK+TF+PO+HDY+WT.png,"Recycled Materials, SUSTAINABLE_MATERIALS",Kobe,Therma-FIT Pullover Hoodie,"PHP 5,395.00","PHP 3,777.00",,,1 Colour,Black/Volt,HJ4206-010,,
https://www.nike.com/ph/t/247-perfectstretch-dri-fit-uv-trousers-Rkc9pZ82/IF2124-010,https://static.nike.com/a/images/t_default/5236ae94-dd9a-4c1d-863d-91b86dde1644/AS+M+NK+DF+UV+24.7+PS+TROUSER.png,"Recycled Materials, SUSTAINABLE_MATERIALS",Nike 24.7 PerfectStretch,Men's Dri-FIT UV Trousers,"PHP 5,495.00","PHP 3,847.00",,,1 Colour,Black/Black/Dark Smoke Grey,IF2124-010,,
https://www.nike.com/ph/t/247-perfectstretch-dri-fit-uv-trousers-Rkc9pZ82/IF2124-072,https://static.nike.com/a/images/t_default/61115421-c671-4d72-a887-352ba7d79974/AS+M+NK+DF+UV+24.7+PS+TROUSER.png,"Recycled Materials, SUSTAINABLE_MATERIALS",Nike 24.7 PerfectStretch,Men's Dri-FIT UV Trousers,"PHP 5,495.00","PHP 3,572.00",,,1 Colour,Light Bone/Sail/Light Orewood Brown,IF2124-072,,
https://www.nike.com/ph/t/sportswear-oversized-windrunner-jacket-pVXl8QSq/IF0271-323,https://static.nike.com/a/images/t_default/81573df6-09a3-40f2-8c90-bac92a629e13/AS+W+NSW+OS+HOODED+WR+JKT+MOD.png,"Bestseller, BEST_SELLER",Nike Sportswear,Women's Oversized Windrunner Jacket,"PHP 4,795.00","PHP 3,357.00",,,1 Colour,Fir/Fir/Fir,IF0271-323,,
https://www.nike.com/ph/t/jordan-sport-classic-trousers-u5TyCS8H/IB2243-011,"https://static.nike.com/a/images/t_default/u_126ab356-44d8-4a06-89b4-fcdcc8df0245,c_scale,fl_relative,w_1.0,h_1.0,fl_layer_apply/9b94b43f-5382-4502-b828-83a51619ce79/M+J+SPRT+CLSSC+PANT.png","Bestseller, BEST_SELLER",Jordan Sport Classic,Men's Trousers,"PHP 3,095.00","PHP 2,167.00",,,1 Colour,Black/Infrared 23,IB2243-011,,
https://www.nike.com/ph/t/mercurial-vapor-16-academy-low-top-football-shoes-ZWsNc7/FQ8449-300,"https://static.nike.com/a/images/t_default/u_9ddf04c7-2a9a-4d76-add1-d15af8f0263d,c_scale,fl_relative,w_1.0,h_1.0,fl_layer_apply/12af1e2a-9ee6-4cae-a384-24a1f4a71ddf/ZOOM+VAPOR+16+ACADEMY+TF.png","Recycled Materials, SUSTAINABLE_MATERIALS",Nike Mercurial Vapor 16 Academy,Turf Low-Top Football Shoes,"PHP 4,695.00","PHP 3,052.00",,,1 Colour,Limelight/Hyper Crimson/Volt,FQ8449-300,,
https://www.nike.com/ph/t/mercurial-vapor-16-academy-low-top-football-shoes-ZWsNc7/FQ8449-001,"https://static.nike.com/a/images/t_default/u_9ddf04c7-2a9a-4d76-add1-d15af8f0263d,c_scale,fl_relative,w_1.0,h_1.0,fl_layer_apply/04b1da3e-3b02-4214-9d3a-2dd7404b2be4/ZOOM+VAPOR+16+ACADEMY+TF.png","Recycled Materials, SUSTAINABLE_MATERIALS",Nike Mercurial Vapor 16 Academy,Turf Low-Top Football Shoes,"PHP 4,695.00","PHP 3,287.00",,,1 Colour,Black/Ice Blue,FQ8449-001,5,
https://www.nike.com/ph/t/jordan-sport-printed-golf-polo-MRsHBD/HV1155-030,"https://static.nike.com/a/images/t_default/u_126ab356-44d8-4a06-89b4-fcdcc8df0245,c_scale,fl_relative,w_1.0,h_1.0,fl_layer_apply/ebc0db14-ca66-4c65-be5c-4741575291bc/M+J+SP+GOLF+AOP+POLO.png","Recycled Materials, SUSTAINABLE_MATERIALS",Jordan Sport,Men's Printed Golf Polo,"PHP 5,695.00","PHP 3,417.00",,,1 Colour,Phantom/Sail,HV1155-030,,
https://www.nike.com/ph/t/aura-cross-body-bag-Cw38dV/HF7038-503,"https://static.nike.com/a/images/t_default/u_9ddf04c7-2a9a-4d76-add1-d15af8f0263d,c_scale,fl_relative,w_1.0,h_1.0,fl_layer_apply/cc358ba3-eedc-4c9d-a58c-4d9eabc5dc19/NK+AURA+CROSSBODY.png","Recycled Materials, SUSTAINABLE_MATERIALS",Nike Aura,Cross-Body Bag (5L),"PHP 1,895.00","PHP 1,232.00",,,1 Colour,Light Magenta/Light Magenta/SM BLK ELCTRDEP,HF7038-503,4,
https://www.nike.com/ph/t/acg-phantazma-adv-jacket-uKohPX3P/IF0102-551,https://static.nike.com/a/images/t_default/d7eeabf3-8726-4e1f-a195-2494faa7e1eb/AS+W+ACG+SFADV+PHANTAZMA+JKT.png,"Recycled Materials, SUSTAINABLE_MATERIALS",Nike ACG 'Phantazma',Women's Storm-FIT ADV Jacket,"PHP 7,295.00","PHP 5,107.00",,,1 Colour,Vivid Purple/Vivid Purple/Black/Summit White,IF0102-551,,
https://www.nike.com/ph/t/acg-phantazma-adv-jacket-uKohPX3P/IF0102-819,https://static.nike.com/a/images/t_default/1ce541be-4935-49cd-b3f9-55f51de84ec4/AS+W+ACG+SFADV+PHANTAZMA+JKT.png,"Recycled Materials, SUSTAINABLE_MATERIALS",Nike ACG 'Phantazma',Women's Storm-FIT ADV Jacket,"PHP 7,295.00","PHP 5,107.00",,,1 Colour,Safety Orange/Grey Fog/College Grey/Summit White,IF0102-819,,
https://www.nike.com/ph/t/jordan-brooklyn-trousers-1ptdgr/HF9465-040,"https://static.nike.com/a/images/t_default/u_126ab356-44d8-4a06-89b4-fcdcc8df0245,c_scale,fl_relative,w_1.0,h_1.0,fl_layer_apply/d4f1bafb-7bbe-45dc-ae76-d0717ee11fd8/W+J+BRK+NVLTY+PANT+SLD.png","Recycled Materials, SUSTAINABLE_MATERIALS",Jordan Brooklyn,Women's Trousers,"PHP 4,095.00","PHP 2,867.00",,,1 Colour,Olive Grey/Black,HF9465-040,4,
https://www.nike.com/ph/t/par-golf-crew-neck-top-XWuDK53D/IQ4041-010,https://static.nike.com/a/images/t_default/dbf02a1e-bed7-4f29-85a6-69b332660bd1/AS+M+NK+TF+PAR+CREW.png,"Recycled Materials, SUSTAINABLE_MATERIALS",Nike Par,Men's Therma-FIT Golf Crew-Neck Top,"PHP 4,095.00","PHP 2,867.00",,,1 Colour,Black/White/Black,IQ4041-010,,
https://www.nike.com/ph/t/lebron-standard-issue-pullover-basketball-hoodie-F0GQdjtt/HV3404-010,https://static.nike.com/a/images/t_default/1c0b9859-47de-4760-b989-21d9290520b2/AS+LJ+M+NK+TF+SI+PO+HOODIE.png,"Recycled Materials, SUSTAINABLE_MATERIALS",LeBron Standard Issue,Men's Therma-FIT Pullover Basketball Hoodie,"PHP 4,995.00","PHP 2,498.00",,,1 Colour,Black/Sail,HV3404-010,,
https://www.nike.com/ph/t/sportswear-loose-low-rise-carpenter-trousers-HZ2Pt2J4/IF0312-010,https://static.nike.com/a/images/t_default/a3e02356-48f5-4c0d-a9c4-3f2abbc426c2/AS+W+NSW+STREET+CARPENTER+LR+P.png,"Bestseller, BEST_SELLER",Nike Sportswear,Women's Loose Low-Rise Carpenter Trousers,"PHP 5,395.00","PHP 3,777.00",,,1 Colour,Black/Black Oxidised/Black,IF0312-010,,
https://www.nike.com/ph/t/sportswear-chill-knit-t-shirt-sgbpqd/FV5509-485,https://static.nike.com/a/images/t_default/4b99e08a-49de-471f-a473-098697be1496/AS+W+NSW+NK+CHLL+KNT+MD+CRP.png,"Bestseller, BEST_SELLER",Nike Sportswear Chill Knit,Women's T-shirt,"PHP 1,795.00","PHP 1,436.00",,,1 Colour,Light Medium Blue/White,FV5509-485,,
https://www.nike.com/ph/t/sportswear-oversized-satin-long-sleeve-top-Cl1WSo2c/IM0576-010,https://static.nike.com/a/images/t_default/3945d8b2-d650-4c0a-a75a-6d6546faed37/AS+W+NSW+OFFLN+WVN+STN+LS+TOP.png,"Bestseller, BEST_SELLER",Nike Sportswear,Women's Oversized Satin Long-Sleeve Top,"PHP 3,795.00","PHP 2,657.00",,,1 Colour,Black/Sail,IM0576-010,,
https://www.nike.com/ph/t/sportswear-oversized-satin-long-sleeve-top-Cl1WSo2c/IM0576-323,https://static.nike.com/a/images/t_default/bf3a0421-8a1b-48a5-bdb6-67702d2d0b61/AS+W+NSW+OFFLN+WVN+STN+LS+TOP.png,"Recycled Materials, SUSTAINABLE_MATERIALS",Nike Sportswear,Women's Oversized Satin Long-Sleeve Top,"PHP 3,795.00","PHP 2,657.00",,,1 Colour,Fir/Sail,IM0576-323,,
https://www.nike.com/ph/t/jr-tiempo-maestro-club-big-multi-ground-low-top-football-boots-F1KvcHr2/IB5025-600,"https://static.nike.com/a/images/t_default/u_9ddf04c7-2a9a-4d76-add1-d15af8f0263d,c_scale,fl_relative,w_1.0,h_1.0,fl_layer_apply/949dac0d-0b63-444a-be1d-18a9f6d40db1/JR+TIEMPO+MAESTRO+CLUB+FG%2FMG.png","Bestseller, BEST_SELLER",Nike Jr. Tiempo Maestro Club,Older Kids' Multi-Ground Low-Top Football Boot,"PHP 2,495.00","PHP 1,747.00",,,1 Colour,Pink Blast/Black,IB5025-600,,
https://www.nike.com/ph/t/247-impossiblysoft-dri-fit-mid-rise-joggers-q7qb1F/HQ8185-410,https://static.nike.com/a/images/t_default/e8cf9b1f-6124-4806-9eef-af4d264b6421/AS+W+NK+24.7+DF+MR+JOGGER+SOFT.png,"Bestseller, BEST_SELLER",Nike 24.7 ImpossiblySoft,Women's Dri-FIT Mid-Rise Joggers,"PHP 4,195.00","PHP 2,937.00",,,1 Colour,Midnight Navy/Dark Obsidian,HQ8185-410,,
https://www.nike.com/ph/t/sportswear-club-poly-knit-tracksuit-QISXsash/HV1445-323,https://static.nike.com/a/images/t_default/989e6d52-7439-45d4-a3ad-41c5061e04cc/AS+M+NK+CLUB+PK+TRK+SUIT.png,"Recycled Materials, SUSTAINABLE_MATERIALS",Nike Sportswear Club,Men's Poly-Knit Tracksuit,"PHP 4,095.00","PHP 2,867.00",,,1 Colour,Fir/Sequoia/Parachute Beige/White,HV1445-323,,
https://www.nike.com/ph/t/aeroswift-dri-fit-adv-running-tights-xrHmWw/FN3368-010,https://static.nike.com/a/images/t_default/c0a1879b-03ac-49b2-ae99-34b5226f27f8/AS+M+NK+DFADV+AEROSWIFT+TIGHT.png,"Recycled Materials, SUSTAINABLE_MATERIALS",Nike AeroSwift,Men's Dri-FIT ADV Running Tights,"PHP 4,995.00","PHP 3,996.00",,,1 Colour,Black/Summit White,FN3368-010,,
https://www.nike.com/ph/t/luka-peak-beanie-KNiD4oUX/IF2725-010,"https://static.nike.com/a/images/t_default/u_126ab356-44d8-4a06-89b4-fcdcc8df0245,c_scale,fl_relative,w_1.0,h_1.0,fl_layer_apply/999795c2-5de2-40a0-9a2d-571f17d24e89/U+J+PEAK+BEANIE+ESS+LD.png","Recycled Materials, SUSTAINABLE_MATERIALS",Luka Peak,Beanie,"PHP 1,395.00",PHP 907.00,,,1 Colour,Black/White,IF2725-010,,
https://www.nike.com/ph/t/dri-fit-short-sleeve-t-shirt-WO0mvjMS/IQ3835-133,https://static.nike.com/a/images/t_default/459af3fa-6e8c-42d3-b459-11e79377c903/AS+W+NK+DF+SS+TEE+CNY.png,"Bestseller, BEST_SELLER",Nike,Women's Dri-FIT Short-Sleeve T-Shirt,"PHP 1,995.00","PHP 1,596.00",,,1 Colour,Sail,IQ3835-133,,
https://www.nike.com/ph/t/air-force-1-07-se-shoes-Whtm7rt8/IB6642-001,"https://static.nike.com/a/images/t_default/u_9ddf04c7-2a9a-4d76-add1-d15af8f0263d,c_scale,fl_relative,w_1.0,h_1.0,fl_layer_apply/7709e732-e038-442b-a254-c75e14f89b9b/W+AIR+FORCE+1+%2707+SE.png","Bestseller, BEST_SELLER",Nike Air Force 1 '07 SE,Women's Shoes,"PHP 6,995.00","PHP 4,547.00",,,1 Colour,Black/White/Metallic Silver/Net,IB6642-001,,
https://www.nike.com/ph/t/one-dri-fit-high-waisted-20-5cm-biker-shorts-with-pockets-VzZtX4/FN3248-036,https://static.nike.com/a/images/t_default/954e1e33-d082-46b3-be26-5bc0628a499c/AS+W+NK+%28M%29+DF+ONE+HR+8IN.png,"Recycled Materials, SUSTAINABLE_MATERIALS",Nike (M) One,Women's Dri-FIT High-Waisted 20.5cm (approx.) Biker Shorts With Pockets (Maternity),"PHP 1,995.00",PHP 998.00,,,1 Colour,Thunder Grey,FN3248-036,,
https://www.nike.com/ph/t/nac-dri-fit-woven-training-trousers-F77RseUw/IF2211-320,https://static.nike.com/a/images/t_default/3458e19b-cb2e-44b8-9dec-f24a6eb24244/AS+M+NK+DF+NAC+WOVEN+PANT.png,"Bestseller, BEST_SELLER",Nike N.A.C.,Men's Dri-FIT Woven Training Trousers,"PHP 3,095.00","PHP 2,476.00",,,1 Colour,Light Army/Pale Ivory/Light Army,IF2211-320,,
https://www.nike.com/ph/t/jordan-flight-high-pile-shearling-jacket-zxCnwI4r/HV0778-406,"https://static.nike.com/a/images/t_default/u_126ab356-44d8-4a06-89b4-fcdcc8df0245,c_scale,fl_relative,w_1.0,h_1.0,fl_layer_apply/2dbe14cd-be49-4050-a3ff-51086f228b3e/M+J+FLT+MTNSIDE+SHERPA.png","Recycled Materials, SUSTAINABLE_MATERIALS",Jordan Flight,Men's High-Pile Shearling Jacket,"PHP 5,395.00","PHP 2,698.00",,,1 Colour,Photo Blue/Black,HV0778-406,,
https://www.nike.com/ph/t/jordan-flight-high-pile-shearling-jacket-zxCnwI4r/HV0778-010,"https://static.nike.com/a/images/t_default/u_126ab356-44d8-4a06-89b4-fcdcc8df0245,c_scale,fl_relative,w_1.0,h_1.0,fl_layer_apply/fe5b5961-a85d-40b1-bc26-e892dd506090/M+J+FLT+MTNSIDE+SHERPA.png","Recycled Materials, SUSTAINABLE_MATERIALS",Jordan Flight,Men's High-Pile Shearling Jacket,"PHP 5,395.00","PHP 3,237.00",,,1 Colour,Black/White,HV0778-010,5,
https://www.nike.com/ph/t/stride-dri-fit-1-4-zip-running-top-b2hj4C/HV2181-440,https://static.nike.com/a/images/t_default/7ac07767-e8e9-4833-9f62-251d5ad10444/AS+M+NK+DF+STRIDE+HZ+MIDLAYER.png,"Recycled Materials, SUSTAINABLE_MATERIALS",Nike Stride,Men's Dri-FIT 1/4-Zip Running Top,"PHP 2,795.00","PHP 2,236.00",,,1 Colour,Light Armoury Blue,HV2181-440,,
https://www.nike.com/ph/t/infinity-g-nn-golf-shoes-9sh9dr/FN0555-104,"https://static.nike.com/a/images/t_default/u_9ddf04c7-2a9a-4d76-add1-d15af8f0263d,c_scale,fl_relative,w_1.0,h_1.0,fl_layer_apply/20af0fd6-e9c0-4c8e-a4f4-c06f607dbc23/NIKE+INFINITY+G+NN.png","Bestseller, BEST_SELLER",Nike Infinity G NN,Golf Shoes,"PHP 4,095.00","PHP 3,276.00",,,1 Colour,White/Pure Platinum/Black,FN0555-104,,
https://www.nike.com/ph/t/force-1-low-easyon-younger-shoes-RRQ2ZJrB/IQ1136-111,"https://static.nike.com/a/images/t_default/u_9ddf04c7-2a9a-4d76-add1-d15af8f0263d,c_scale,fl_relative,w_1.0,h_1.0,fl_layer_apply/7829b12d-0ba9-4d0f-941b-3cd9b37741b1/FORCE+1+LOW+EASYON+%28PS%29.png","Bestseller, BEST_SELLER",Nike Force 1 Low EasyOn,Younger Kids' Shoes,"PHP 4,295.00","PHP 3,007.00",,,1 Colour,White/White/University Red/White,IQ1136-111,,
https://www.nike.com/ph/t/universa-high-waisted-full-length-leggings-with-no-front-seam-ANQSAFbd/HQ6811-036,https://static.nike.com/a/images/t_default/7edd0fd4-ee53-4343-8555-d1bc554f0597/AS+W+NK+DF+UNIVERSA+HR+PKT.png,"Recycled Materials, SUSTAINABLE_MATERIALS",Nike Universa,Women's High-Waisted Full-Length Leggings with No Front Seam,"PHP 4,395.00","PHP 2,857.00",,,1 Colour,Thunder Grey/Thunder Grey/Dark Shadow,HQ6811-036,,
https://www.nike.com/ph/t/swift-repel-packable-running-jacket-9pBHFk/HQ0651-502,https://static.nike.com/a/images/t_default/b452cbe3-cbe7-4b6c-8610-b82c2147df5d/AS+W+NK+SWIFT+RPL+PKBL+JKT.png,"Recycled Materials, SUSTAINABLE_MATERIALS",Nike Swift,Women's Repel Packable Running Jacket,"PHP 5,395.00","PHP 3,777.00",,,1 Colour,Tattoo,HQ0651-502,,
https://www.nike.com/ph/t/kobe-dri-fit-pullover-basketball-hoodie-0tVxNfVL/IF4899-242,https://static.nike.com/a/images/t_default/6bceb17a-cba7-4398-9995-7a944bad74d3/AS+KB+M+NK+DF+MAMBA+PO+HDY.png,"Recycled Materials, SUSTAINABLE_MATERIALS",Kobe,Men's Nike Dri-FIT Pullover Basketball Hoodie,"PHP 4,095.00","PHP 2,662.00",,,1 Colour,Linen/Linen,IF4899-242,,
https://www.nike.com/ph/t/air-max-90-easyon-younger-shoes-InBmTMWE/IQ0096-100,"https://static.nike.com/a/images/t_default/u_9ddf04c7-2a9a-4d76-add1-d15af8f0263d,c_scale,fl_relative,w_1.0,h_1.0,fl_layer_apply/beb8b91e-b8b7-4f4b-9f87-5fd6060be09f/AIR+MAX+90+EASYON+MESH+%28PS%29.png","Bestseller, BEST_SELLER",Nike Air Max 90 EasyOn,Younger Kids' Shoes,"PHP 4,495.00","PHP 3,147.00",,,1 Colour,Off-White/Dark Smoke Grey/Light Smoke Grey/Sonic Yellow,IQ0096-100,,
https://www.nike.com/ph/t/academy-dri-fit-football-snood-y6sPGbPF/HF0784-013,"https://static.nike.com/a/images/t_default/u_9ddf04c7-2a9a-4d76-add1-d15af8f0263d,c_scale,fl_relative,w_1.0,h_1.0,fl_layer_apply/0f9562d8-4a38-47dd-8469-fc9ad8316b24/NK+DF+ACDMY+SNOOD.png","Recycled Materials, SUSTAINABLE_MATERIALS",Nike Academy,Dri-FIT Football Snood,"PHP 1,195.00",PHP 777.00,,,1 Colour,Black/Hyper Crimson/Metallic Silver,HF0784-013,,
https://www.nike.com/ph/t/strike-dri-fit-football-shorts-vbNHd0/FN2402-010,https://static.nike.com/a/images/t_default/e155e60f-b93b-4df4-ae01-f941bb03a67b/AS+M+NK+DF+STRK+SHORT+KZ.png,"Recycled Materials, SUSTAINABLE_MATERIALS",Nike Strike,Men's Dri-FIT Football Shorts,"PHP 1,995.00","PHP 1,596.00",,,1 Colour,Black/Black/Anthracite/White,FN2402-010,,
https://www.nike.com/ph/t/strike-dri-fit-football-shorts-vbNHd0/FN2402-437,https://static.nike.com/a/images/t_default/79eac680-ca79-426d-b68f-7e215b35b5de/AS+M+NK+DF+STRK+SHORT+KZ.png,"Recycled Materials, SUSTAINABLE_MATERIALS",Nike Strike,Men's Dri-FIT Football Shorts,"PHP 1,995.00","PHP 1,397.00",,,1 Colour,Thunder Blue/Thunder Blue/Bright Crimson/White,FN2402-437,,
https://www.nike.com/ph/t/jr-mercurial-vapor-16-club-younger-multi-ground-low-top-football-boot-mGVFqZ/FQ8290-300,"https://static.nike.com/a/images/t_default/u_9ddf04c7-2a9a-4d76-add1-d15af8f0263d,c_scale,fl_relative,w_1.0,h_1.0,fl_layer_apply/2adcb7d8-9601-4aff-a26d-5fe92b42f84f/JR+VAPOR+16+CLUB+MG+PS+%28V%29.png","Recycled Materials, SUSTAINABLE_MATERIALS",Nike Jr. Mercurial Vapor 16 Club,Younger Kids' Multi-Ground Low-Top Football Boot,"PHP 1,995.00",PHP 998.00,,,1 Colour,Limelight/Hyper Crimson/Volt,FQ8290-300,5,
https://www.nike.com/ph/t/sabrina-put-in-work-dri-fit-basketball-t-shirt-R1qHdw9v/IO4239-113,https://static.nike.com/a/images/t_default/05e830a3-33fd-4682-841c-cd4d17ac5577/AS+SI+U+NK+DF+TEE+PUT+IN+WORK.png,"Bestseller, BEST_SELLER",Sabrina 'Put In Work',Nike Dri-FIT Basketball T-Shirt,"PHP 1,995.00","PHP 1,596.00",,,1 Colour,Coconut Milk,IO4239-113,,
https://www.nike.com/ph/t/acg-chinati-dri-fit-adv-long-sleeve-base-layer-Dz61xw6h/HV1103-010,https://static.nike.com/a/images/t_default/33d2142f-a431-4eb4-a111-b59d701f10bd/AS+W+ACG+DFADV+CHINATI+LS+BSLY.png,"Recycled Materials, SUSTAINABLE_MATERIALS",Nike ACG 'Chinati',Women's Dri-FIT ADV Long-Sleeve Base Layer,"PHP 3,295.00","PHP 1,977.00",,,1 Colour,Black/Anthracite/Summit White,HV1103-010,,
https://www.nike.com/ph/t/jr-tiempo-maestro-club-mg-low-top-football-boots-nX3SYokV/IB5029-600,"https://static.nike.com/a/images/t_default/u_9ddf04c7-2a9a-4d76-add1-d15af8f0263d,c_scale,fl_relative,w_1.0,h_1.0,fl_layer_apply/a87cd7b8-3ef7-48e6-a257-c96e601bca86/JR+TIEMPO+MAESTRO+FLEX+FGMG+PS.png","Bestseller, BEST_SELLER",Nike Jr. Tiempo Maestro Club,MG Low-Top Football Boot,"PHP 2,195.00","PHP 1,537.00",,,1 Colour,Pink Blast/Black,IB5029-600,,
https://www.nike.com/ph/t/south-korea-2004-total-90-reissue-football-replica-tracksuit-jacket-tXtKkUXF/HV4439-010,https://static.nike.com/a/images/t_default/812f2a1c-c01e-44c4-995a-1b8ff5db0c6f/KOR+M+NK+REISSUE+TRK+JKT.png,"Recycled Materials, SUSTAINABLE_MATERIALS",South Korea 2004 Total 90 Reissue,Men's Nike Football Replica Tracksuit Jacket,"PHP 4,295.00","PHP 2,148.00",,,1 Colour,Black/White/Laser Crimson/White,HV4439-010,,
https://www.nike.com/ph/t/jr-tiempo-maestro-flex-younger-high-top-football-boots-Y8QDiMip/IB5030-600,"https://static.nike.com/a/images/t_default/u_9ddf04c7-2a9a-4d76-add1-d15af8f0263d,c_scale,fl_relative,w_1.0,h_1.0,fl_layer_apply/4e0231dc-0875-4648-8869-9bd2ae6f3876/JR+TIEMPO+MAESTRO+FLEX+TF+PS.png","Bestseller, BEST_SELLER",Nike Jr. Tiempo Maestro Flex,Younger Kids' Turf High-Top Football Boots,"PHP 2,195.00","PHP 1,537.00",,,1 Colour,Pink Blast/Black,IB5030-600,,
https://www.nike.com/ph/t/sportswear-older-dri-fit-tracksuit-JqpqDdYV/HQ9315-503,https://static.nike.com/a/images/t_default/5ab20ce4-34bd-49b9-95b6-a665ddfd006c/K+NSW+DF+TRACKSUIT+PK+FZ.png,"Recycled Materials, SUSTAINABLE_MATERIALS",Nike Sportswear,Older Kids' Dri-FIT Tracksuit,"PHP 2,495.00","PHP 1,747.00",,,1 Colour,Light Magenta/Medium Soft Pink/White,HQ9315-503,2,
https://www.nike.com/ph/t/nikecourt-victory-dri-fit-tennis-top-MSWZ7sc7/IB1531-307,https://static.nike.com/a/images/t_default/959f1712-21fc-4503-887e-76264908b3ca/AS+M+NKCT+DF+VICTORY+TOP+PRINT.png,"Bestseller, BEST_SELLER",NikeCourt Victory,Men's Dri-FIT Tennis Top,"PHP 1,795.00","PHP 1,436.00",,,1 Colour,Mean Green/Black,IB1531-307,,
https://www.nike.com/ph/t/primary-versatile-crew-1YZft2qO/HV3806-010,https://static.nike.com/a/images/t_default/c439a5fe-384a-471c-aabb-5377e8d6611a/AS+M+NK+TF+PRIMARY+CREW+JCQRD.png,"Recycled Materials, SUSTAINABLE_MATERIALS",Nike Primary,Men's Therma-FIT Versatile Crew,"PHP 3,795.00","PHP 3,036.00",,,1 Colour,Black/Black,HV3806-010,,
https://www.nike.com/ph/t/primary-versatile-crew-1YZft2qO/HV3806-390,https://static.nike.com/a/images/t_default/f0a8708e-838e-4326-a5b4-3096c77c1161/AS+M+NK+TF+PRIMARY+CREW+JCQRD.png,"Recycled Materials, SUSTAINABLE_MATERIALS",Nike Primary,Men's Therma-FIT Versatile Crew,"PHP 3,795.00","PHP 2,277.00",,,1 Colour,Seaweed/Seaweed,HV3806-390,,
https://www.nike.com/ph/t/tech-fleece-crew-neck-sweatshirt-with-reflective-design-accents-Kc54JXQe/HV1341-010,https://static.nike.com/a/images/t_default/ffe64374-5555-4248-9cbe-afdcc52ccc8e/AS+M+NK+TECH+FLC+CREW+GX.png,"Recycled Materials, SUSTAINABLE_MATERIALS",Nike Tech,Men's Fleece Crew-Neck Sweatshirt With Reflective Design Accents,"PHP 5,795.00","PHP 2,898.00",,,1 Colour,Black/Black,HV1341-010,,
https://www.nike.com/ph/t/tech-fleece-crew-neck-sweatshirt-with-reflective-design-accents-Kc54JXQe/HV1341-355,https://static.nike.com/a/images/t_default/da8f6dc9-5885-4aa3-ae6a-a312641fc9a7/AS+M+NK+TECH+FLC+CREW+GX.png,"Recycled Materials, SUSTAINABLE_MATERIALS",Nike Tech,Men's Fleece Crew-Neck Sweatshirt With Reflective Design Accents,"PHP 5,795.00","PHP 2,898.00",,,1 Colour,Sequoia/Black,HV1341-355,,
https://www.nike.com/ph/t/dri-fit-one-crew-neck-french-terry-sweatshirt-XZhJvF/FB5126-010,https://static.nike.com/a/images/t_default/c3c9e31e-5072-4f18-a655-5b5991c356f3/AS+W+NK+ONE+DF+CREW+LBR.png,"Recycled Materials, SUSTAINABLE_MATERIALS",Nike Dri-FIT One,Women's Crew-Neck French Terry Sweatshirt,"PHP 2,895.00","PHP 1,737.00",,,1 Colour,Black/White,FB5126-010,,
https://www.nike.com/ph/t/jordan-sport-diamond-tank-top-tf75gv/FB4629-010,"https://static.nike.com/a/images/t_default/u_126ab356-44d8-4a06-89b4-fcdcc8df0245,c_scale,fl_relative,w_1.0,h_1.0,fl_layer_apply/f3171733-30e4-41b1-bcc7-24f84ca60495/W+J+SPT+DIAMOND+TANK.png","Recycled Materials, SUSTAINABLE_MATERIALS",Jordan Sport,Women's Diamond Tank Top,"PHP 1,695.00","PHP 1,017.00",,,1 Colour,Black/Stealth,FB4629-010,,
https://www.nike.com/ph/t/tiempo-reactgato-le-indoor-court-low-top-football-shoes-LENEdCYE/IQ8296-310,"https://static.nike.com/a/images/t_default/u_9ddf04c7-2a9a-4d76-add1-d15af8f0263d,c_scale,fl_relative,w_1.0,h_1.0,fl_layer_apply/4c965de8-fe1e-415b-ac4c-ef03a7111b6f/TIEMPO+REACTGATO+IC+LE.png","Bestseller, BEST_SELLER",Nike Tiempo Reactgato LE,Indoor Court Low-Top Football Shoes,"PHP 7,295.00","PHP 5,107.00",,,1 Colour,Light Liquid Lime/White,IQ8296-310,5,
https://www.nike.com/ph/t/kylian-mbappe-academy-older-dri-fit-football-shorts-kAu6aQop/II1509-301,https://static.nike.com/a/images/t_default/9eaa97c4-d72e-4543-acba-fccf483aa163/KM+K+NK+DF+ACD25+SHORT+-PD.png,"Recycled Materials, SUSTAINABLE_MATERIALS",Kylian Mbappé Academy,Older Kids' Nike Dri-FIT Football Shorts,"PHP 1,395.00",PHP 977.00,,,1 Colour,Green Abyss/Green Abyss/Igloo/Light Dew,II1509-301,,
https://www.nike.com/ph/t/tiempo-legend-10-academy-low-top-football-shoes-2gKwhN/DV4342-701,"https://static.nike.com/a/images/t_default/u_9ddf04c7-2a9a-4d76-add1-d15af8f0263d,c_scale,fl_relative,w_1.0,h_1.0,fl_layer_apply/0680dae3-580d-422e-93a1-b6c0e178bef7/LEGEND+10+ACADEMY+TF.png","Recycled Materials, SUSTAINABLE_MATERIALS",Nike Tiempo Legend 10 Academy,Turf Low-Top Football Shoes,"PHP 4,295.00","PHP 2,148.00",,,1 Colour,Volt/Black,DV4342-701,,
https://www.nike.com/ph/t/sportswear-windrunner-skirt-j1HwVsqu/IM7451-133,https://static.nike.com/a/images/t_default/30c93aa3-f0fd-4665-b11a-b25b47806517/AS+W+NSW+WR+SKIRT.png,"Recycled Materials, SUSTAINABLE_MATERIALS",Nike Sportswear Windrunner,Women's Skirt,"PHP 3,095.00","PHP 1,857.00",,,1 Colour,Sail/Black,IM7451-133,,
https://www.nike.com/ph/t/sportswear-windrunner-skirt-j1HwVsqu/IM7451-011,https://static.nike.com/a/images/t_default/f8066256-7d5e-4ed7-9695-45449330cdac/AS+W+NSW+WR+SKIRT.png,"Bestseller, BEST_SELLER",Nike Sportswear Windrunner,Women's Skirt,"PHP 3,095.00","PHP 2,476.00",,,1 Colour,Black/Chalk,IM7451-011,,
https://www.nike.com/ph/t/sportswear-windrunner-skirt-j1HwVsqu/IM7451-410,https://static.nike.com/a/images/t_default/257eb4c9-9403-4f70-9213-795ad94d706c/AS+W+NSW+WR+SKIRT.png,"Recycled Materials, SUSTAINABLE_MATERIALS",Nike Sportswear Windrunner,Women's Skirt,"PHP 3,095.00","PHP 1,857.00",,,1 Colour,Midnight Navy/Sail,IM7451-410,,
https://www.nike.com/ph/t/united-jr-mercurial-vapor-16-academy-older-low-top-football-shoes-wRzILr2x/IB1514-600,"https://static.nike.com/a/images/t_default/u_9ddf04c7-2a9a-4d76-add1-d15af8f0263d,c_scale,fl_relative,w_1.0,h_1.0,fl_layer_apply/17b49521-4bb4-4079-a2ee-6682c5174bea/JR+ZOOM+VAPOR+16+ACAD+TF+NU2.png","Member product, MEMBER_ACCESS_ALL",Nike United Jr. Mercurial Vapor 16 Academy,Older Kids' Turf Low-Top Football Shoes,"PHP 3,695.00","PHP 2,217.00",,,1 Colour,Silt Red/Racer Blue,IB1514-600,,
https://www.nike.com/ph/t/fc-barcelona-culture-of-football-winterized-football-trousers-4OBJXOj1/HM3748-084,https://static.nike.com/a/images/t_default/2fdb52a7-962a-4a35-8831-1f912390b167/FCB+M+NK+TF+SI+COF+WNTR+PNT+WP.png,"Recycled Materials, SUSTAINABLE_MATERIALS",FC Barcelona Culture of Football,Men's Nike Therma-FIT Winterized Football Trousers,"PHP 4,495.00","PHP 2,248.00",,,1 Colour,Smoke Grey/Light Smoke Grey,HM3748-084,,
https://www.nike.com/ph/t/jordan-unicorn-dri-fit-adv-cushioned-crew-socks-HVtzgp/FZ3393-010,"https://static.nike.com/a/images/t_default/u_126ab356-44d8-4a06-89b4-fcdcc8df0245,c_scale,fl_relative,w_1.0,h_1.0,fl_layer_apply/98583c29-3aeb-4c93-8748-a01860fea12f/U+J+UNICORN+CRW+1PR+-160.png","Bestseller, BEST_SELLER",Jordan Unicorn,Dri-FIT ADV Cushioned Crew Socks (1 Pair),PHP 995.00,PHP 647.00,,,1 Colour,Black/White,FZ3393-010,,
https://www.nike.com/ph/t/sportswear-faux-fur-slouchy-bag-7tL9Dppy/HQ7515-010,"https://static.nike.com/a/images/t_default/u_9ddf04c7-2a9a-4d76-add1-d15af8f0263d,c_scale,fl_relative,w_1.0,h_1.0,fl_layer_apply/5e18c53a-d885-4004-be24-5ed5bf083edb/NK+NSW+FX+FUR+SLOUCHY+BAG.png","Recycled Materials, SUSTAINABLE_MATERIALS",Nike Sportswear,Faux Fur Slouchy Bag (19L),"PHP 4,295.00","PHP 2,792.00",,,1 Colour,Black/Black,HQ7515-010,,
https://www.nike.com/ph/t/sportswear-faux-fur-slouchy-bag-7tL9Dppy/HQ7515-030,"https://static.nike.com/a/images/t_default/u_9ddf04c7-2a9a-4d76-add1-d15af8f0263d,c_scale,fl_relative,w_1.0,h_1.0,fl_layer_apply/74fa8117-f38a-4503-9733-fb515a24c32b/NK+NSW+FX+FUR+SLOUCHY+BAG.png","Recycled Materials, SUSTAINABLE_MATERIALS",Nike Sportswear,Faux Fur Slouchy Bag (19L),"PHP 4,295.00","PHP 2,792.00",,,1 Colour,Phantom/Phantom,HQ7515-030,5,
https://www.nike.com/ph/t/jordan-brooklyn-hike-mike-convertible-trousers-LnXKQJ2J/IF1881-010,"https://static.nike.com/a/images/t_default/u_126ab356-44d8-4a06-89b4-fcdcc8df0245,c_scale,fl_relative,w_1.0,h_1.0,fl_layer_apply/f6f0612c-723c-4f8a-b3ec-482e3bf4bb19/M+J+BRK+HIKE+MIKE+AOP+PNT.png","Bestseller, BEST_SELLER",Jordan Brooklyn,Men's Hike Mike Convertible Trousers,"PHP 5,995.00","PHP 4,796.00",,,1 Colour,Black,IF1881-010,,
https://www.nike.com/ph/t/air-max-invigor-younger-shoes-nkgMKJ/749573-016,"https://static.nike.com/a/images/t_default/u_9ddf04c7-2a9a-4d76-add1-d15af8f0263d,c_scale,fl_relative,w_1.0,h_1.0,fl_layer_apply/f5825a39-8430-4eb3-8105-95a535de3407/NIKE+AIR+MAX+INVIGOR+%28PS%29.png","Bestseller, BEST_SELLER",Nike Air Max Invigor,Younger Kids' Shoes,"PHP 3,345.00","PHP 2,342.00",,,1 Colour,Dark Grey/Cool Grey/Wolf Grey/Volt,749573-016,,
https://www.nike.com/ph/t/tailored-dri-fit-golf-polo-32zwi2Tx/IO2168-025,"https://static.nike.com/a/images/t_default/u_9ddf04c7-2a9a-4d76-add1-d15af8f0263d,c_scale,fl_relative,w_1.0,h_1.0,fl_layer_apply/3d4c8365-ef7d-4abd-8762-24ab2923c553/AS+M+NK+DF+TP+POLO+SS+TOILE+OL.png","Recycled Materials, SUSTAINABLE_MATERIALS",Nike Tailored Performance,Men's Dri-FIT Golf Polo,"PHP 5,695.00","PHP 3,987.00",,,1 Colour,Photon Dust/College Navy,IO2168-025,,
https://www.nike.com/ph/t/tailored-dri-fit-golf-polo-32zwi2Tx/IO2168-486,"https://static.nike.com/a/images/t_default/u_9ddf04c7-2a9a-4d76-add1-d15af8f0263d,c_scale,fl_relative,w_1.0,h_1.0,fl_layer_apply/8f3247e6-0ceb-4a7b-bc81-121de9a0af81/AS+M+NK+DF+TP+POLO+SS+TOILE+OL.png","Recycled Materials, SUSTAINABLE_MATERIALS",Nike Tailored Performance,Men's Dri-FIT Golf Polo,"PHP 5,695.00","PHP 3,987.00",,,1 Colour,Work Blue/Work Blue,IO2168-486,,
https://www.nike.com/ph/t/run-swift-3-road-running-shoes-BrHm16/DR2695-109,"https://static.nike.com/a/images/t_default/u_9ddf04c7-2a9a-4d76-add1-d15af8f0263d,c_scale,fl_relative,w_1.0,h_1.0,fl_layer_apply/9370446f-0358-43dd-8f00-0d0b09c914e8/NIKE+RUN+SWIFT+3.png","Recycled Materials, SUSTAINABLE_MATERIALS",Nike Run Swift 3,Men's Road Running Shoes,"PHP 3,995.00","PHP 2,797.00",,,1 Colour,White/Black/Bright Crimson,DR2695-109,,
https://www.nike.com/ph/t/air-max-dn-shoes-drXjb8/FJ3145-003,"https://static.nike.com/a/images/t_default/u_9ddf04c7-2a9a-4d76-add1-d15af8f0263d,c_scale,fl_relative,w_1.0,h_1.0,fl_layer_apply/4743f974-710e-4ad7-a991-5ffd348e1f53/W+AIR+MAX+DN.png","Recycled Materials, SUSTAINABLE_MATERIALS",Nike Air Max Dn,Women's Shoes,"PHP 8,395.00","PHP 5,457.00",,,1 Colour,Black/Black/Metallic Dark Grey/Black,FJ3145-003,,
https://www.nike.com/ph/t/lebron-witness-9-older-basketball-shoes-gCaka1lI/HV2270-701,"https://static.nike.com/a/images/t_default/u_9ddf04c7-2a9a-4d76-add1-d15af8f0263d,c_scale,fl_relative,w_1.0,h_1.0,fl_layer_apply/478b1519-5208-48ac-a822-e590d5df547c/LEBRON+WITNESS+IX+%28GS%29.png","Bestseller, BEST_SELLER",LeBron Witness 9,Older Kids' Basketball Shoes,"PHP 4,495.00","PHP 2,922.00",,,1 Colour,Volt Tint/Black/Smoke Grey/Multi-Colour,HV2270-701,,
https://www.nike.com/ph/t/stride-eliud-kipchoge-dri-fit-1-4-zip-running-top-lS8eJmDu/HV2659-271,https://static.nike.com/a/images/t_default/125f9ddb-56c5-4c5e-9322-78d6bfb5cedd/AS+M+NK+DF+KIPCHOGE+STRIDE+MDL.png,"Recycled Materials, SUSTAINABLE_MATERIALS",Nike Stride 'Eliud Kipchoge',Men's Dri-FIT 1/4-Zip Running Top,"PHP 3,095.00","PHP 1,857.00",,,1 Colour,Malt/Bright Ceramic,HV2659-271,,
https://www.nike.com/ph/t/par-dri-fit-loose-golf-trousers-2kl3zwnt/IB0653-010,https://static.nike.com/a/images/t_default/b3d50bdd-1a48-4f31-afaf-aec8d043bbc9/AS+M+NK+DF+PAR+PANT+LOOSE.png,"Recycled Materials, SUSTAINABLE_MATERIALS",Nike Par,Men's Dri-FIT Loose Golf Trousers,"PHP 5,395.00","PHP 3,507.00",,,1 Colour,Black/Black/Black,IB0653-010,,
https://www.nike.com/ph/t/sportswear-phoenix-fleece-high-waisted-wide-leg-logo-trousers-NjRNvdbk/IM9837-323,https://static.nike.com/a/images/t_default/0a3acd15-6ff5-404d-9f32-1ed31d6a828a/AS+W+NSW+PHNX+FLC+HR+LOGO+WL+P.png,"Bestseller, BEST_SELLER",Nike Sportswear Phoenix Fleece,Women's High-Waisted Wide-Leg Logo Trousers,"PHP 3,895.00","PHP 2,727.00",,,1 Colour,Fir/Malachite,IM9837-323,,
https://www.nike.com/ph/t/tiempo-legend-10-pro-low-top-football-shoes-0P6Q8Q/DV4336-701,"https://static.nike.com/a/images/t_default/u_9ddf04c7-2a9a-4d76-add1-d15af8f0263d,c_scale,fl_relative,w_1.0,h_1.0,fl_layer_apply/1215eb47-93b6-4c14-a0a3-974d6ddabd81/LEGEND+10+PRO+TF.png","Recycled Materials, SUSTAINABLE_MATERIALS",Nike Tiempo Legend 10 Pro,Turf Low-Top Football Shoes,"PHP 7,395.00","PHP 3,698.00",,,1 Colour,Volt/Black,DV4336-701,1,
https://www.nike.com/ph/t/sportswear-windrunner-sweatshirt-top-rPFGN4fb/IM7448-652,https://static.nike.com/a/images/t_default/81e39db7-3793-48fb-bbd3-6df91b26c777/AS+W+NSW+WR+PULLOVER.png,"Recycled Materials, SUSTAINABLE_MATERIALS",Nike Sportswear Windrunner,Women’s Sweatshirt Top,"PHP 2,895.00","PHP 1,882.00",,,1 Colour,Burgundy Crush/Sail,IM7448-652,,
https://www.nike.com/ph/t/sportswear-windrunner-sweatshirt-top-rPFGN4fb/IM7448-010,https://static.nike.com/a/images/t_default/377f7cb8-73d4-4c1c-aa83-c99141d81bd6/AS+W+NSW+WR+PULLOVER.png,"Recycled Materials, SUSTAINABLE_MATERIALS",Nike Sportswear Windrunner,Women’s Sweatshirt Top,"PHP 2,895.00","PHP 1,882.00",,,1 Colour,Black/Sail,IM7448-010,,
https://www.nike.com/ph/t/sportswear-windrunner-sweatshirt-top-rPFGN4fb/IM7448-410,https://static.nike.com/a/images/t_default/e3a71d10-0645-4b84-bd38-c0fdaa5cb9ad/AS+W+NSW+WR+PULLOVER.png,"Recycled Materials, SUSTAINABLE_MATERIALS",Nike Sportswear Windrunner,Women’s Sweatshirt Top,"PHP 2,895.00","PHP 1,882.00",,,1 Colour,Midnight Navy/Sail,IM7448-410,,
https://www.nike.com/ph/t/sportswear-windrunner-sweatshirt-top-rPFGN4fb/IM7448-009,https://static.nike.com/a/images/t_default/8d48e0af-76f2-4ff8-8501-d5fae27b0e62/AS+W+NSW+WR+PULLOVER.png,"Recycled Materials, SUSTAINABLE_MATERIALS",Nike Sportswear Windrunner,Women’s Sweatshirt Top,"PHP 2,895.00","PHP 1,882.00",,,1 Colour,College Grey/Sail,IM7448-009,,
https://www.nike.com/ph/t/total-90-dri-fit-long-sleeve-football-top-oqrBPksT/IM6316-719,https://static.nike.com/a/images/t_default/92d6fe9e-4c0a-47bc-85ae-32104e411ce3/AS+M+NK+DF+T90+LS+ENERGY+6.png,"Recycled Materials, SUSTAINABLE_MATERIALS",Nike Total 90,Men's Dri-FIT Long-Sleeve Football Top,"PHP 3,795.00","PHP 2,467.00",,,1 Colour,Tour Yellow/Black/Black/Sport Red,IM6316-719,,
https://www.nike.com/ph/t/united-jr-phantom-6-high-academy-older-multi-ground-football-boot-cMu7zUw4/IB1517-300,"https://static.nike.com/a/images/t_default/u_9ddf04c7-2a9a-4d76-add1-d15af8f0263d,c_scale,fl_relative,w_1.0,h_1.0,fl_layer_apply/ac41be0e-a2e8-4ef9-95d0-3cab8a671e2f/JR+PHANTOM+6+HIGH+ACD+FGMG+NU2.png","Member product, MEMBER_ACCESS_ALL",Nike United Jr Phantom 6 High Academy,Older Kids' Multi-Ground Football Boot,"PHP 4,495.00","PHP 2,248.00",,,1 Colour,Pistachio Frost/Hyper Orange,IB1517-300,,
https://www.nike.com/ph/t/jr-tiempo-legend-10-academy-younger-older-low-top-football-shoes-0FxcRF/DV4351-701,"https://static.nike.com/a/images/t_default/u_9ddf04c7-2a9a-4d76-add1-d15af8f0263d,c_scale,fl_relative,w_1.0,h_1.0,fl_layer_apply/926f18e9-5e18-4fa8-ba68-15b5515c479b/JR+LEGEND+10+ACADEMY+TF.png","Recycled Materials, SUSTAINABLE_MATERIALS",Nike Jr. Tiempo Legend 10 Academy,Younger/Older Kids' Turf Low-Top Football Shoes,"PHP 3,195.00","PHP 2,077.00",,,1 Colour,Volt/Black,DV4351-701,,
https://www.nike.com/ph/t/247-perfectstretch-dri-fit-high-waisted-loose-tearaway-trousers-c8ydU4E1/II5324-410,"https://static.nike.com/a/images/t_default/u_9ddf04c7-2a9a-4d76-add1-d15af8f0263d,c_scale,fl_relative,w_1.0,h_1.0,fl_layer_apply/292cac00-a5c8-4b63-8917-68162b28dcbf/AS+W+NK+DF+24.7+PS+TEARAWAY+PA.png","Bestseller, BEST_SELLER",Nike 24.7 PerfectStretch,Women's Dri-FIT High-Waisted Loose Tearaway Trousers,"PHP 5,395.00","PHP 3,777.00",,,1 Colour,Midnight Navy/Black/Dark Obsidian,II5324-410,,
https://www.nike.com/ph/t/phantom-6-high-elite-football-boot-deKEMMyc/HJ2147-400,"https://static.nike.com/a/images/t_default/u_9ddf04c7-2a9a-4d76-add1-d15af8f0263d,c_scale,fl_relative,w_1.0,h_1.0,fl_layer_apply/05e635f2-5c68-47f0-8230-aa43d9a37eac/PHANTOM+6+HIGH+ELITE+FG.png","Recycled Materials, SUSTAINABLE_MATERIALS",Nike Phantom 6 High Elite,Firm-Ground Football Boot,"PHP 16,095.00","PHP 12,876.00",,,1 Colour,Royal Tint/Black/Bright Crimson,HJ2147-400,,
https://www.nike.com/ph/t/mercurial-vapor-16-academy-indoor-court-low-top-football-shoes-CXWdfN/FQ8434-446,"https://static.nike.com/a/images/t_default/u_9ddf04c7-2a9a-4d76-add1-d15af8f0263d,c_scale,fl_relative,w_1.0,h_1.0,fl_layer_apply/9a2424a7-2837-44be-96b3-7af3a6e0d616/ZOOM+VAPOR+16+ACADEMY+IC.png","Recycled Materials, SUSTAINABLE_MATERIALS",Nike Mercurial Vapor 16 Academy,Indoor Court Low-Top Football Shoes,"PHP 4,695.00","PHP 3,287.00",,,1 Colour,Racer Blue/White,FQ8434-446,,
https://www.nike.com/ph/t/acg-lava-flow-adv-jacket-L9Oe6tAC/II0918-009,https://static.nike.com/a/images/t_default/12e9efdb-a13f-4147-aecd-90368be007ca/AS+M+ACG+TFADV+LAVA+FLOW+JKT+A.png,"Recycled Materials, SUSTAINABLE_MATERIALS",Nike ACG 'Lava Flow',Men's Therma-FIT ADV Jacket,"PHP 14,995.00","PHP 10,497.00",,,1 Colour,College Grey/Black/Mean Green/Summit White,II0918-009,,
https://www.nike.com/ph/t/pegasus-plus-road-running-shoes-DW06JM/FQ7261-503,"https://static.nike.com/a/images/t_default/u_9ddf04c7-2a9a-4d76-add1-d15af8f0263d,c_scale,fl_relative,w_1.0,h_1.0,fl_layer_apply/f6ee531b-71b0-4c25-99c5-17bb1bbcb062/W+PEGASUS+PLUS.png","Recycled Materials, SUSTAINABLE_MATERIALS",Nike Pegasus Plus,Women's Road Running Shoes,"PHP 9,895.00","PHP 6,927.00",,,1 Colour,Sapphire/Light Thistle/Violet Mist/Purple Dynasty,FQ7261-503,,
https://www.nike.com/ph/t/total-90-dri-fit-short-sleeve-football-top-zPQsuHc6/IM6300-547,https://static.nike.com/a/images/t_default/0b2f52f4-9794-4028-bdfe-689c56db5a26/AS+M+NK+DF+T90+SS+ENERGY+1.png,"Recycled Materials, SUSTAINABLE_MATERIALS",Nike Total 90,Men's Dri-FIT Short-Sleeve Football Top,"PHP 3,095.00","PHP 2,012.00",,,1 Colour,Court Purple/White/Gym Red/White,IM6300-547,,
https://www.nike.com/ph/t/jordan-brooklyn-essentials-bodysuit-pg7nIWbf/IF8844-627,"https://static.nike.com/a/images/t_default/u_126ab356-44d8-4a06-89b4-fcdcc8df0245,c_scale,fl_relative,w_1.0,h_1.0,fl_layer_apply/29c4f4fa-dcce-4a30-999c-86659406c521/W+J+BRK+ESS+LS+BDYST.png","Bestseller, BEST_SELLER",Jordan Brooklyn Essentials,Women's Bodysuit,"PHP 2,095.00","PHP 1,467.00",,,1 Colour,Particle Rose/White,IF8844-627,5,
https://www.nike.com/ph/t/acg-smith-summit-zip-off-trousers-GGS5iha8/HV6392-009,https://static.nike.com/a/images/t_default/fe13fae4-35b5-4241-b4fc-2f2a8b2d7ad3/AS+W+ACG+SMITH+SUMMIT+ZPOF+PNT.png,"Recycled Materials, SUSTAINABLE_MATERIALS",Nike ACG 'Smith Summit',Women's Zip-Off Trousers,"PHP 8,295.00","PHP 6,636.00",,,1 Colour,College Grey/Grey Fog/Photon Dust/Summit White,HV6392-009,,
https://www.nike.com/ph/t/phantom-6-low-pro-football-shoe-KlgvLij0/HJ4123-800,"https://static.nike.com/a/images/t_default/u_9ddf04c7-2a9a-4d76-add1-d15af8f0263d,c_scale,fl_relative,w_1.0,h_1.0,fl_layer_apply/3ee0ab5a-3684-4b5b-b001-d75a2e145395/REACTX+PHANTOM+6+LOW+PRO+TF.png","Recycled Materials, SUSTAINABLE_MATERIALS",Nike Phantom 6 Low Pro,Turf Football Shoe,"PHP 8,095.00","PHP 4,857.00",,,1 Colour,Hyper Crimson/Limelight/Black,HJ4123-800,,
https://www.nike.com/ph/t/court-legacy-lift-shoes-FhQxS4/FZ2606-400,"https://static.nike.com/a/images/t_default/u_9ddf04c7-2a9a-4d76-add1-d15af8f0263d,c_scale,fl_relative,w_1.0,h_1.0,fl_layer_apply/7cf4c613-7ba7-40fc-8900-8d17aade6dc2/WMNS+COURT+LEGACY+LIFT.png","Bestseller, BEST_SELLER",Nike Court Legacy Lift,Women's Shoes,"PHP 5,195.00","PHP 3,637.00",,,1 Colour,Midnight Navy/Flax/White/Ashen Slate,FZ2606-400,,
https://www.nike.com/ph/t/jr-mercurial-superfly-10-academy-younger-older-multi-ground-high-top-football-boot-ZeXPiU95/FQ8304-300,"https://static.nike.com/a/images/t_default/u_9ddf04c7-2a9a-4d76-add1-d15af8f0263d,c_scale,fl_relative,w_1.0,h_1.0,fl_layer_apply/ddc822ac-3a85-414e-bee1-33256a479115/JR+ZOOM+SUPERFLY+10+ACAD+FGMG.png","Recycled Materials, SUSTAINABLE_MATERIALS",Nike Jr. Mercurial Superfly 10 Academy,Younger/Older Kids' Multi-Ground High-Top Football Boot,"PHP 4,095.00","PHP 2,048.00",,,1 Colour,Limelight/Hyper Crimson/Volt,FQ8304-300,,
https://www.nike.com/ph/t/tiempo-maestro-academy-low-top-football-boots-BXJDLMda/IB4478-146,"https://static.nike.com/a/images/t_default/u_9ddf04c7-2a9a-4d76-add1-d15af8f0263d,c_scale,fl_relative,w_1.0,h_1.0,fl_layer_apply/3fad2df6-ff6c-4f6a-bb1e-c535c51fc106/TIEMPO+MAESTRO+ACAD+SG-PRO+AC.png","Recycled Materials, SUSTAINABLE_MATERIALS",Nike Tiempo Maestro Academy,Soft-Ground Low-Top Football Boot,"PHP 5,195.00","PHP 3,637.00",,,1 Colour,White/Racer Blue/Pink Blast/Black,IB4478-146,,
https://www.nike.com/ph/t/older-1-4-zip-top-uSFx4AJv/HV0197-100,https://static.nike.com/a/images/t_default/04df1c29-b049-491c-987d-8ef811eaa6f4/K+NK+TF+LS+HZ+TOP+WARM.png,"Recycled Materials, SUSTAINABLE_MATERIALS",Nike,Older Kids' Therma-FIT 1/4-Zip Top,"PHP 2,295.00","PHP 1,607.00",,,1 Colour,White/Light Smoke Grey,HV0197-100,,
https://www.nike.com/ph/t/jordan-flight-fleece-rugby-top-wOJtYtck/IF0996-010,"https://static.nike.com/a/images/t_default/u_126ab356-44d8-4a06-89b4-fcdcc8df0245,c_scale,fl_relative,w_1.0,h_1.0,fl_layer_apply/b32414cf-3a31-4578-9e57-4201c8fd74a1/W+J+FLT+FLC+RUGBY+TOP.png","Bestseller, BEST_SELLER",Jordan Flight Fleece,Women's Rugby Top,"PHP 4,195.00","PHP 2,937.00",,,1 Colour,Black/Sail/Black,IF0996-010,,
https://www.nike.com/ph/t/tour-dri-fit-jacquard-golf-polo-6bzcvG/FZ7476-802,https://static.nike.com/a/images/t_default/d647bf82-5ebd-44d2-bd62-6469e895688b/AS+M+NK+DF+TOUR+JACQUARD+POLO.png,"Recycled Materials, SUSTAINABLE_MATERIALS",Nike Tour,Men's Dri-FIT Jacquard Golf Polo,"PHP 3,195.00","PHP 2,399.00",,,1 Colour,Desert Orange/Mars Stone/Pale Ivory,FZ7476-802,,
https://www.nike.com/ph/t/sportswear-long-sleeve-jersey-top-5TlXTbt2/IM7453-652,https://static.nike.com/a/images/t_default/6d437375-bc0f-4d7f-9caa-fe25bbf2d21a/AS+W+NSW+LS+JERSEY.png,"Recycled Materials, SUSTAINABLE_MATERIALS",Nike Sportswear,Women's Long-Sleeve Jersey Top,"PHP 2,395.00","PHP 1,677.00",,,1 Colour,Burgundy Crush/Baltic Blue,IM7453-652,,
https://www.nike.com/ph/t/sportswear-high-waisted-9-woven-shorts-CRTEKW3Z/IM7225-060,https://static.nike.com/a/images/t_default/2ae399c9-e1fc-4110-bf45-6fb8bbd3e168/AS+W+NSW+WVN+HR+9%22+SHORT+WOP1.png,"Recycled Materials, SUSTAINABLE_MATERIALS",Nike Sportswear,"Women's High-Waisted 9"" Woven Shorts","PHP 2,595.00","PHP 1,298.00",,,1 Colour,Anthracite,IM7225-060,,
https://www.nike.com/ph/t/sportswear-phoenix-fleece-oversized-jacquard-gilet-MPPoU5x3/HV2786-043,https://static.nike.com/a/images/t_default/643a9979-ce07-4b8f-973c-fdcf128cdb83/AS+W+NSW+PHNX+FLC+OS+AOJ+VEST.png,"Recycled Materials, SUSTAINABLE_MATERIALS",Nike Sportswear Phoenix Fleece,Women's Oversized Jacquard Gilet,"PHP 3,895.00","PHP 1,948.00",,,1 Colour,Pure Platinum/World Indigo,HV2786-043,,
https://www.nike.com/ph/t/sportswear-oversized-short-sleeve-t-shirt-HyY6P1zt/IQ1260-803,https://static.nike.com/a/images/t_default/64bb689e-8ed1-4a98-adc7-ac64e51f02d3/W+NSW+SS+CREW+TEE+BF+AMDAY.png,"Bestseller, BEST_SELLER",Nike Sportswear,Women's Oversized Short-Sleeve T-Shirt,"PHP 1,995.00","PHP 1,397.00",,,1 Colour,Total Orange/White,IQ1260-803,,
https://www.nike.com/ph/t/jordan-sport-golf-polo-SS1MPg/HQ8479-030,"https://static.nike.com/a/images/t_default/u_126ab356-44d8-4a06-89b4-fcdcc8df0245,c_scale,fl_relative,w_1.0,h_1.0,fl_layer_apply/ff705f0c-07b2-4fbc-b030-9f729d91dd43/M+J+SP+GOLF+POLO.png","Recycled Materials, SUSTAINABLE_MATERIALS",Jordan Sport,Men's Golf Polo,"PHP 5,395.00","PHP 3,237.00",,,1 Colour,Phantom/Phantom,HQ8479-030,5,
https://www.nike.com/ph/t/sportswear-pleated-trousers-7McRW3KE/IM7460-010,https://static.nike.com/a/images/t_default/43012615-13ee-4ee0-8449-63067866ba18/AS+W+NSW+PLEATED+PANT.png,"Recycled Materials, SUSTAINABLE_MATERIALS",Nike Sportswear,Women's Pleated Trousers,"PHP 4,095.00","PHP 2,457.00",,,1 Colour,Black/Sail,IM7460-010,5,
https://www.nike.com/ph/t/par-hoodie-dOf0LQOp/IB0295-486,https://static.nike.com/a/images/t_default/23244bf2-737b-43cd-8092-28329b573c4a/AS+M+NK+TF+PAR+HOODIE.png,"Bestseller, BEST_SELLER",Nike Par,Men's Therma-FIT Hoodie,"PHP 4,795.00","PHP 3,357.00",,,1 Colour,Work Blue/White/Hydrogen Blue/Black,IB0295-486,,
https://www.nike.com/ph/t/canada-hollywood-keeper-football-shirt-gQ8yzmKj/IO0791-010,https://static.nike.com/a/images/t_default/c7e11662-ca0c-4205-947a-c622822c51b4/CAN+M+NK+AU+GOALKEEPER+SHIRT.png,"Sold Out, OUT_OF_STOCK",Canada Hollywood Keeper,Men's Nike Football Shirt,"PHP 4,095.00","PHP 2,457.00",,,1 Colour,Black/Sport Red/White,IO0791-010,,
https://www.nike.com/ph/t/jr-mercurial-vapor-16-academy-kylian-mbappe-older-low-top-football-shoes-X5kQnJ/FQ8285-801,"https://static.nike.com/a/images/t_default/u_9ddf04c7-2a9a-4d76-add1-d15af8f0263d,c_scale,fl_relative,w_1.0,h_1.0,fl_layer_apply/14b20107-6abf-49ca-aa61-8b100926a08a/JR+ZOOM+VAPOR+16+ACADEMY+KM+TF.png","Member product, MEMBER_ACCESS_ALL",Nike Jr. Mercurial Vapor 16 Academy 'Kylian Mbappé',Older Kids' Turf Low-Top Football Shoes,"PHP 3,695.00","PHP 1,848.00",,,1 Colour,Melon Tint/Igloo/Neo Turquoise,FQ8285-801,5,
https://www.nike.com/ph/t/kobe-phantom-6-high-elite-se-football-boots-cYeYzFi8/IF4394-001,"https://static.nike.com/a/images/t_default/u_9ddf04c7-2a9a-4d76-add1-d15af8f0263d,c_scale,fl_relative,w_1.0,h_1.0,fl_layer_apply/3299838b-a929-40bc-bc0d-f97008d6bd6f/PHANTOM+6+HIGH+ELITE+FG+SE.png","Sold Out, OUT_OF_STOCK",Kobe Phantom 6 High Elite SE,Firm-Ground Football Boot,"PHP 17,595.00","PHP 10,557.00",,,1 Colour,Phantom/Black,IF4394-001,,
https://www.nike.com/ph/t/air-max-plus-shoes-SWRML2/DZ3670-006,"https://static.nike.com/a/images/t_default/u_9ddf04c7-2a9a-4d76-add1-d15af8f0263d,c_scale,fl_relative,w_1.0,h_1.0,fl_layer_apply/bc765eb1-3ee9-4225-b798-b73a59dca496/W+AIR+MAX+PLUS.png","Bestseller, BEST_SELLER",Nike Air Max Plus,Women's Shoes,"PHP 9,395.00","PHP 7,516.00",,,1 Colour,Black/Purple Dynasty/Desert Berry/Platinum Violet,DZ3670-006,,
https://www.nike.com/ph/t/one-older-dri-fit-printed-leggings-gasZICjJ/HV0427-010,https://static.nike.com/a/images/t_default/d25c5232-b387-44f6-b5d4-3c7e6ac78f53/G+NK+DF+ONE+TGHT+AOP+SHNE.png,"Recycled Materials, SUSTAINABLE_MATERIALS",Nike One,Older Kids' (Girls') Dri-FIT Printed Leggings,"PHP 1,695.00",PHP 848.00,,,1 Colour,Black/Metallic Gold,HV0427-010,,
https://www.nike.com/ph/t/swift-repel-uv-printed-running-jacket-faM0ltQU/IM0362-499,https://static.nike.com/a/images/t_default/fa63247d-9e4b-4f60-a6d2-78cb48e7450e/AS+W+NK+SWIFT+NV+UV+RPL+JKT.png,"Recycled Materials, SUSTAINABLE_MATERIALS",Nike Swift,Women's Repel UV Printed Running Jacket,"PHP 5,595.00","PHP 2,798.00",,,1 Colour,World Indigo,IM0362-499,,
https://www.nike.com/ph/t/total-90-dri-fit-short-sleeve-football-top-z5ema9tm/IM6310-675,"https://static.nike.com/a/images/t_default/u_9ddf04c7-2a9a-4d76-add1-d15af8f0263d,c_scale,fl_relative,w_1.0,h_1.0,fl_layer_apply/35a144f6-3183-42b0-9c4d-c27b43b7ccf4/AS+M+NK+DF+T90+SS+ENERGY+3.png","Recycled Materials, SUSTAINABLE_MATERIALS",Nike Total 90,Men's Dri-FIT Short-Sleeve Football Top,"PHP 3,095.00","PHP 2,012.00",,,1 Colour,Playful Pink/Black/Black/Black,IM6310-675,,
https://www.nike.com/ph/t/mercurial-vapor-16-academy-low-top-football-boot-s5C2Jv/FQ8364-446,"https://static.nike.com/a/images/t_default/u_9ddf04c7-2a9a-4d76-add1-d15af8f0263d,c_scale,fl_relative,w_1.0,h_1.0,fl_layer_apply/a9871436-cc9c-47c0-987b-19df7b68f1b1/ZOOM+VAPOR+16+ACADEMY+AG.png","Recycled Materials, SUSTAINABLE_MATERIALS",Nike Mercurial Vapor 16 Academy,Artificial-Grass Low-Top Football Boot,"PHP 4,695.00","PHP 3,287.00",,,1 Colour,Racer Blue/White,FQ8364-446,,
https://www.nike.com/ph/t/mercurial-vapor-16-pro-low-top-football-boot-LKkz3q/FQ8685-600,"https://static.nike.com/a/images/t_default/u_9ddf04c7-2a9a-4d76-add1-d15af8f0263d,c_scale,fl_relative,w_1.0,h_1.0,fl_layer_apply/0cffa68a-7d61-41e7-8156-ab46978d3699/ZM+VAPOR+16+PRO+FG.png","Recycled Materials, SUSTAINABLE_MATERIALS",Nike Mercurial Vapor 16 Pro,Firm-Ground Low-Top Football Boot,"PHP 7,895.00","PHP 6,316.00",,,1 Colour,Magic Flamingo/Total Crimson/Black,FQ8685-600,,
https://www.nike.com/ph/t/air-jordan-tracksuit-jacket-AsgD0f1R/HV0081-045,"https://static.nike.com/a/images/t_default/u_126ab356-44d8-4a06-89b4-fcdcc8df0245,c_scale,fl_relative,w_1.0,h_1.0,fl_layer_apply/270626d1-38e1-4bbd-8a70-db8e5ba0ee7a/M+J+AIR+JDN+TRACK+JKT.png","Recycled Materials, SUSTAINABLE_MATERIALS",Air Jordan,Men's Tracksuit Jacket,"PHP 5,995.00","PHP 3,597.00",,,1 Colour,Off-Noir,HV0081-045,,
https://www.nike.com/ph/t/sportswear-oversized-uv-tracksuit-jacket-kUXWuLGu/IO1474-010,https://static.nike.com/a/images/t_default/31299111-f641-4c98-9783-c66d2cb0edf9/AS+W+NSW+CLSSC+UV+TRACK+JKT.png,"Bestseller, BEST_SELLER",Nike Sportswear,Women's Oversized UV Tracksuit Jacket,"PHP 3,195.00","PHP 2,556.00",,,1 Colour,Black/Sail,IO1474-010,,
https://www.nike.com/ph/t/jr-mercurial-superfly-10-club-younger-older-multi-ground-high-top-football-boot-n2hGBF/FQ8318-300,"https://static.nike.com/a/images/t_default/u_9ddf04c7-2a9a-4d76-add1-d15af8f0263d,c_scale,fl_relative,w_1.0,h_1.0,fl_layer_apply/27d18e20-ff80-48d7-8c0c-15c70462a100/JR+SUPERFLY+10+CLUB+FG%2FMG.png","Recycled Materials, SUSTAINABLE_MATERIALS",Nike Jr. Mercurial Superfly 10 Club,Younger/Older Kids' Multi-Ground High-Top Football Boot,"PHP 2,895.00","PHP 1,448.00",,,1 Colour,Limelight/Hyper Crimson/Volt,FQ8318-300,,
https://www.nike.com/ph/t/tech-windrunner-jumper-with-reflective-design-accents-Wpq7X3k1/HV1400-010,https://static.nike.com/a/images/t_default/68472f99-68c2-4c4a-bf44-8625a7aa3746/AS+M+NK+TCH+PRO+REFLCT+WR+SWEA.png,"Recycled Materials, SUSTAINABLE_MATERIALS",Nike Tech,Men's Windrunner Jumper with Reflective Design Accents,"PHP 9,495.00","PHP 4,748.00",,,1 Colour,Black/Black,HV1400-010,,
https://www.nike.com/ph/t/energy-repel-football-woven-jacket-mxvBMwEp/IF1529-254,https://static.nike.com/a/images/t_default/6342de8a-bf1f-45a1-a8ac-d0db765149d0/AS+M+NK+RPL+ENERGY+JKT+W.png,"Recycled Materials, SUSTAINABLE_MATERIALS",Nike Energy,Men's Repel Football Woven Jacket,"PHP 4,295.00","PHP 3,007.00",,,1 Colour,Medium Ash/Off-Noir/Summit White/Summit White,IF1529-254,,
https://www.nike.com/ph/t/trail-dri-fit-short-sleeve-running-top-vVJTcr/HJ2243-010,https://static.nike.com/a/images/t_default/77bbdbc5-e830-479a-89d6-69323cef1175/AS+W+NK+TRAIL+DF+SS+TOP.png,"Recycled Materials, SUSTAINABLE_MATERIALS",Nike Trail,Women's Dri-FIT Short-Sleeve Running Top,"PHP 2,395.00","PHP 1,916.00",,,1 Colour,Black/Black/White/Black,HJ2243-010,,
https://www.nike.com/ph/t/acg-lava-flow-adv-vest-RTvm8U51/IB0803-017,"https://static.nike.com/a/images/t_default/u_9ddf04c7-2a9a-4d76-add1-d15af8f0263d,c_scale,fl_relative,w_1.0,h_1.0,fl_layer_apply/e0b1fbb5-1b1b-4bec-9277-032db3983f78/AS+W+ACG+TFADV+LAVA+FLOW+VEST.png","Recycled Materials, SUSTAINABLE_MATERIALS",Nike ACG 'Lava Flow',Women's Therma-FIT ADV Gilet,"PHP 9,495.00","PHP 4,748.00",,,1 Colour,Cannon/Cannon/Mint Foam/Summit White,IB0803-017,,
https://www.nike.com/ph/t/acg-lava-flow-adv-vest-RTvm8U51/IB0803-010,"https://static.nike.com/a/images/t_default/u_9ddf04c7-2a9a-4d76-add1-d15af8f0263d,c_scale,fl_relative,w_1.0,h_1.0,fl_layer_apply/16d07a08-8f49-4cf1-a756-19ef00dd31f5/AS+W+ACG+TFADV+LAVA+FLOW+VEST.png","Recycled Materials, SUSTAINABLE_MATERIALS",Nike ACG 'Lava Flow',Women's Therma-FIT ADV Gilet,"PHP 9,495.00","PHP 6,172.00",,,1 Colour,Black/Black/Black/Summit White,IB0803-010,,
https://www.nike.com/ph/t/jordan-flared-trousers-8poJEV6s/IF1024-010,"https://static.nike.com/a/images/t_default/u_126ab356-44d8-4a06-89b4-fcdcc8df0245,c_scale,fl_relative,w_1.0,h_1.0,fl_layer_apply/2d6abae5-762c-4097-94e2-44230df032bb/W+J+FLT+FLC+FT+FLR+PANT.png","Bestseller, BEST_SELLER",Jordan,Women's Flared Trousers,"PHP 4,095.00","PHP 2,867.00",,,1 Colour,Black/Dark Smoke Grey,IF1024-010,4,
https://www.nike.com/ph/t/sportswear-oversized-jersey-tunic-AHgBjNQt/IF0320-460,https://static.nike.com/a/images/t_default/be82cd39-da0f-4e6c-9c88-e160b1da3670/AS+W+NSW+JERSEY+TUNIC+MOD.png,"Recycled Materials, SUSTAINABLE_MATERIALS",Nike Sportswear,Women's Oversized Jersey Tunic,"PHP 2,395.00","PHP 1,677.00",,,1 Colour,Light Medium Blue/Chalk/Chalk,IF0320-460,,
https://www.nike.com/ph/t/sportswear-oversized-jersey-tunic-AHgBjNQt/IF0320-010,https://static.nike.com/a/images/t_default/552094fe-3d67-4668-98f7-b2b8fe4c44c8/AS+W+NSW+JERSEY+TUNIC+MOD.png,"Bestseller, BEST_SELLER",Nike Sportswear,Women's Oversized Jersey Tunic,"PHP 2,395.00","PHP 1,677.00",,,1 Colour,Black/Black/Black,IF0320-010,,
https://www.nike.com/ph/t/acg-smith-summit-uv-resistant-jacket-tdYlwrAf/HV0584-025,https://static.nike.com/a/images/t_default/d6516ad4-0d29-47b9-a63b-55734c10b9de/AS+W+ACG+UV+SMITH+SUMMIT+JKT.png,"Recycled Materials, SUSTAINABLE_MATERIALS",Nike ACG 'Smith Summit',Women's UV-Resistant Jacket,"PHP 9,495.00","PHP 6,647.00",,,1 Colour,Photon Dust/Grey Fog/College Grey/Summit White,HV0584-025,,
https://www.nike.com/ph/t/free-2025-workout-shoes-xRdttb/HF2720-100,"https://static.nike.com/a/images/t_default/u_9ddf04c7-2a9a-4d76-add1-d15af8f0263d,c_scale,fl_relative,w_1.0,h_1.0,fl_layer_apply/f33106de-7477-43a0-86e0-fa43be29ab49/W+NIKE+FREE+2025.png","Recycled Materials, SUSTAINABLE_MATERIALS",Nike Free 2025,Women's Workout Shoes,"PHP 5,795.00","PHP 4,636.00",,,1 Colour,White/Photon Dust/White,HF2720-100,5,
https://www.nike.com/ph/t/jordan-brooklyn-hooded-draft-jacket-Tl7JgtNp/HV0554-010,"https://static.nike.com/a/images/t_default/u_126ab356-44d8-4a06-89b4-fcdcc8df0245,c_scale,fl_relative,w_1.0,h_1.0,fl_layer_apply/2de8135a-773a-4b8b-a421-5a80b4c13cec/M+J+BRK+DRAFT+JKT+AOP.png","Recycled Materials, SUSTAINABLE_MATERIALS",Jordan Brooklyn,Men's Hooded Draft Jacket,"PHP 5,395.00","PHP 4,316.00",,,1 Colour,Black/Gym Red,HV0554-010,,
https://www.nike.com/ph/t/sportswear-chill-poplin-loose-mid-rise-woven-striped-trousers-xcqbMso2/II4220-461,https://static.nike.com/a/images/t_default/d162bbc7-9b87-476c-a05f-50a9291a9167/AS+W+NSW+OFFLN+WV+PPLN+STRP+PA.png,"Bestseller, BEST_SELLER",Nike Sportswear Chill Poplin,Women's Loose Mid-Rise Woven Striped Trousers,"PHP 3,295.00","PHP 2,636.00",,,1 Colour,Mystic Navy/Hydrogen Blue/Summit White,II4220-461,5,
https://www.nike.com/ph/t/jordan-sport-golf-sleeveless-jumper-3lkXEOWA/HQ8687-040,"https://static.nike.com/a/images/t_default/u_126ab356-44d8-4a06-89b4-fcdcc8df0245,c_scale,fl_relative,w_1.0,h_1.0,fl_layer_apply/393259a8-d8e0-4106-8550-746ce1ee2bf3/AS+M+J+SP+GOLF+SWTR+VEST.png","Recycled Materials, SUSTAINABLE_MATERIALS",Jordan Sport,Men's Golf Sleeveless Jumper,"PHP 5,995.00","PHP 4,197.00",,,1 Colour,Olive Grey,HQ8687-040,,
https://www.nike.com/ph/t/netherlands-hollywood-keeper-football-shirt-2KQDfilT/IO0785-010,https://static.nike.com/a/images/t_default/eef33922-b477-4bf5-8beb-6f98194618e2/KNVB+M+NK+AU+GOALKEEPER+SHIRT.png,"Sold Out, OUT_OF_STOCK",Netherlands Hollywood Keeper,Men's Nike Football Shirt,"PHP 4,095.00","PHP 2,457.00",,,1 Colour,Black/Hyper Crimson/White,IO0785-010,,
https://www.nike.com/ph/t/lebron-trousers-f0aRq14e/IF1564-010,https://static.nike.com/a/images/t_default/dd9ca8fd-06fd-4a39-a169-d4db6755d941/AS+LJ+M+NK+PANT+FK+VLR.png,"Bestseller, BEST_SELLER",LeBron,Men's Nike Trousers,"PHP 6,495.00","PHP 4,547.00",,,1 Colour,Black,IF1564-010,,
https://www.nike.com/ph/t/calm-slides-K7mr3W/FD4116-001,"https://static.nike.com/a/images/t_default/u_9ddf04c7-2a9a-4d76-add1-d15af8f0263d,c_scale,fl_relative,w_1.0,h_1.0,fl_layer_apply/8397fa2b-f6b8-414f-b84b-c1f420f07f28/NIKE+CALM+SLIDE.png","Recycled Materials, SUSTAINABLE_MATERIALS",Nike Calm,Men's Slides,"PHP 2,595.00","PHP 2,076.00",,,1 Colour,Black/Black,FD4116-001,,
https://www.nike.com/ph/t/sportswear-older-woven-jacket-fdY6FS5m/IF1711-010,https://static.nike.com/a/images/t_default/54ec9b13-290b-404d-bee7-29411249c482/G+NSW+WVN+JKT+DANCE.png,"Recycled Materials, SUSTAINABLE_MATERIALS",Nike Sportswear,Older Kids' (Girls') Woven Jacket,"PHP 2,995.00","PHP 2,097.00",,,1 Colour,Black/White/Black/White,IF1711-010,,
https://www.nike.com/ph/t/sportswear-loose-high-waisted-parachute-trousers-GlZ5jNzF/IF0335-323,https://static.nike.com/a/images/t_default/a254e6d9-aa72-4fb0-9857-e227e050fd5f/AS+W+NSW+PARACHUTE+HR+PANT.png,"Bestseller, BEST_SELLER",Nike Sportswear,Women's Loose High-Waisted Parachute Trousers,"PHP 3,895.00","PHP 2,727.00",,,1 Colour,Fir/Midnight Navy/Chalk/Chalk,IF0335-323,,
https://www.nike.com/ph/t/jordan-flight-mountainside-padded-trousers-UT4vFBhj/HV0731-010,"https://static.nike.com/a/images/t_default/u_126ab356-44d8-4a06-89b4-fcdcc8df0245,c_scale,fl_relative,w_1.0,h_1.0,fl_layer_apply/d9b7dda8-effb-48e6-80cf-4b659fd521b9/M+J+FLT+MTNSIDE+PADDED+PANT.png","Recycled Materials, SUSTAINABLE_MATERIALS",Jordan Flight Mountainside,Men's Padded Trousers,"PHP 5,995.00","PHP 2,998.00",,,1 Colour,Black/Dark Smoke Grey,HV0731-010,,
https://www.nike.com/ph/t/total-90-dri-fit-long-sleeve-football-top-fFXKdDat/IM6312-435,https://static.nike.com/a/images/t_default/e307b7ad-d9cb-4b7d-83db-2b5ddd5bd7cb/AS+M+NK+DF+T90+LS+ENERGY+4.png,"Recycled Materials, SUSTAINABLE_MATERIALS",Nike Total 90,Men's Dri-FIT Long-Sleeve Football Top,"PHP 3,795.00","PHP 2,467.00",,,1 Colour,Light Photo Blue/White/White/White,IM6312-435,,
https://www.nike.com/ph/t/usmnt-hollywood-keeper-older-dri-fit-football-shirt-IFhxZdEc/IO2675-010,https://static.nike.com/a/images/t_default/66102c24-4bbb-4952-b45e-51c60449b36b/USA+Y+NK+DF+LS+GK+JSY.png,"Promo Exclusion, PW_PROMO_EXCLUDED",USMNT Hollywood Keeper,Older Kids' Nike Dri-FIT Football Shirt,"PHP 2,795.00","PHP 1,398.00",,,1 Colour,Black/Bright Crimson/Bright Crimson,IO2675-010,,
https://www.nike.com/ph/t/united-jr-phantom-6-low-academy-older-multi-ground-football-boot-LqQJEZSX/IH2195-300,"https://static.nike.com/a/images/t_default/u_9ddf04c7-2a9a-4d76-add1-d15af8f0263d,c_scale,fl_relative,w_1.0,h_1.0,fl_layer_apply/ff562438-5f37-4d7c-846f-5572034da828/JR+PHANTOM+6+LOW+ACD+FG%2FMG+NU2.png","Member product, MEMBER_ACCESS_ALL",Nike United Jr Phantom 6 Low Academy,Older Kids' Multi-Ground Football Boot,"PHP 3,895.00","PHP 1,948.00",,,1 Colour,Pistachio Frost/Hyper Orange,IH2195-300,,
https://www.nike.com/ph/t/mercurial-superfly-10-academy-kylian-mbappe-high-top-football-shoes-kz0IWBjt/FQ8333-801,"https://static.nike.com/a/images/t_default/u_9ddf04c7-2a9a-4d76-add1-d15af8f0263d,c_scale,fl_relative,w_1.0,h_1.0,fl_layer_apply/23c551cb-a428-4947-a501-00c403710c05/ZM+SUPERFLY+10+ACADEMY+KM+TF.png","Member product, MEMBER_ACCESS_ALL",Nike Mercurial Superfly 10 Academy 'Kylian Mbappé',Turf High-Top Football Shoes,"PHP 5,495.00","PHP 2,748.00",,,1 Colour,Melon Tint/Igloo/Neo Turquoise,FQ8333-801,,
https://www.nike.com/ph/t/air-jordan-1-brooklyn-boot-Vr8ShC/FJ5737-002,"https://static.nike.com/a/images/t_default/u_126ab356-44d8-4a06-89b4-fcdcc8df0245,c_scale,fl_relative,w_1.0,h_1.0,fl_layer_apply/a7f8567d-e885-499a-8889-64fc3f7a57c9/WMNS+AIR+JORDAN+1+BROOKLYN.png","Bestseller, BEST_SELLER",Air Jordan 1 Brooklyn,Women's Boot,"PHP 8,995.00","PHP 6,297.00",,,1 Colour,Metallic Silver/Metallic Silver/Neutral Grey,FJ5737-002,,
https://www.nike.com/ph/t/south-korea-2004-total-90-reissue-football-replica-tracksuit-bottoms-0smh69YJ/HV4433-010,https://static.nike.com/a/images/t_default/b9ff13e0-038a-4b62-9690-58f25caca2c7/KOR+M+NK+REISSUE+TRK+PANT.png,"Recycled Materials, SUSTAINABLE_MATERIALS",South Korea 2004 Total 90 Reissue,Men's Nike Football Replica Tracksuit Bottoms,"PHP 4,195.00","PHP 2,098.00",,,1 Colour,Black/Laser Crimson/White,HV4433-010,,
https://www.nike.com/ph/t/ja-dri-fit-15cm-icon-basketball-shorts-jIQKI4kw/HV3389-736,https://static.nike.com/a/images/t_default/5b13635b-93b1-4b5f-a527-80d869e57fc2/AS+JA+M+NK+DF+ICON+6IN+SHORT.png,"Recycled Materials, SUSTAINABLE_MATERIALS",JA,Men's Dri-FIT 15cm (approx.) Icon Basketball Shorts,"PHP 2,095.00","PHP 1,676.00",,,1 Colour,Light Lemon Twist/Hemp/Light Lemon Twist,HV3389-736,,
https://www.nike.com/ph/t/nigeria-goalkeeper-football-t-shirt-tosfQgdP/IO4583-010,https://static.nike.com/a/images/t_default/7e4b813c-4e33-45aa-9cf2-84c0563c4fdb/NFF+M+NK+PREM+GK+TEE.png,"Sold Out, OUT_OF_STOCK",Nigeria Premium Goalkeeper,Men's Nike Football T-Shirt,"PHP 1,995.00","PHP 1,197.00",,,1 Colour,Black,IO4583-010,,
https://www.nike.com/ph/t/universa-2-in-1-12-5cm-shorts-vdB2TCFa/HJ2262-010,https://static.nike.com/a/images/t_default/a9787158-9414-4c87-b92b-1af6505f83c5/AS+W+NK+DF+UNVRSA+2IN1+SHORT.png,"Recycled Materials, SUSTAINABLE_MATERIALS",Nike Universa,Women's 2-in-1 12.5cm (approx.) Shorts,"PHP 2,895.00","PHP 2,316.00",,,1 Colour,Black/Anthracite/Black/Dark Smoke Grey,HJ2262-010,,
https://www.nike.com/ph/t/mercurial-vapor-16-pro-low-top-football-shoes-C6066B/FQ8687-001,"https://static.nike.com/a/images/t_default/u_9ddf04c7-2a9a-4d76-add1-d15af8f0263d,c_scale,fl_relative,w_1.0,h_1.0,fl_layer_apply/982ffa82-e8dc-44b2-b1ce-b4f3b6e0aaf0/ZOOM+VAPOR+16+PRO+TF.png","Recycled Materials, SUSTAINABLE_MATERIALS",Nike Mercurial Vapor 16 Pro,Turf Low-Top Football Shoes,"PHP 6,895.00","PHP 5,516.00",,,1 Colour,Black/Ice Blue,FQ8687-001,,
https://www.nike.com/ph/t/swift-repel-uv-protection-mid-rise-running-trousers-3WpphWam/IQ0182-502,https://static.nike.com/a/images/t_default/5313bf2f-a58f-442a-9725-fd6548815c59/AS+W+NK+SWIFT+UV+RPL+MR+PANT+N.png,"Recycled Materials, SUSTAINABLE_MATERIALS",Nike Swift,Women's Repel UV Protection Mid-Rise Running Trousers,"PHP 4,095.00","PHP 2,867.00",,,1 Colour,Tattoo/Light Violet Ore/Burgundy Crush,IQ0182-502,,
https://www.nike.com/ph/t/247-perfectstretch-dri-fit-high-waisted-loose-wide-leg-trousers-yEMdxlfY/HQ0236-036,https://static.nike.com/a/images/t_default/235f1840-68ee-4df0-8a54-06622370b567/AS+W+NK+24.7+DF+HR+WD+LEG+PANT.png,"Recycled Materials, SUSTAINABLE_MATERIALS",Nike 24.7 PerfectStretch,Women's Dri-FIT High-Waisted Loose Wide-Leg Trousers,"PHP 5,395.00","PHP 3,237.00",,,1 Colour,Thunder Grey/Dark Shadow,HQ0236-036,5,
https://www.nike.com/ph/t/academy-dri-fit-short-sleeve-football-shirt-9xFvEfoJ/HV1825-494,https://static.nike.com/a/images/t_default/43193685-ac15-4b42-adbd-dd9828881615/AS+M+NK+DF+ACD%2B+TOP+SS+AOP.png,"Recycled Materials, SUSTAINABLE_MATERIALS",Nike Academy+,Men's Dri-FIT Short-Sleeve Football Top,"PHP 1,695.00","PHP 1,187.00",,,1 Colour,Blue Void/Laser Orange/Laser Orange/White,HV1825-494,,
https://www.nike.com/ph/t/dri-fit-stride-13cm-brief-lined-running-shorts-6zTzxr/DM4756-552,https://static.nike.com/a/images/t_default/f1817daf-edf9-4a5e-85fa-02d7b5319704/AS+M+NK+DF+STRIDE+5IN+BF+SHRT.png,"Recycled Materials, SUSTAINABLE_MATERIALS",Nike Dri-FIT Stride,Men's 13cm (approx.) Brief-Lined Running Shorts,"PHP 2,195.00","PHP 1,537.00",,,1 Colour,Vivid Purple/Black,DM4756-552,5,
https://www.nike.com/ph/t/total-90-dri-fit-short-sleeve-football-top-6qYbQVTQ/IM6308-714,https://static.nike.com/a/images/t_default/e524268d-d397-499c-a519-1fec1da76ae2/AS+M+NK+DF+T90+SS+ENERGY+2.png,"Recycled Materials, SUSTAINABLE_MATERIALS",Nike Total 90,Men's Dri-FIT Short-Sleeve Football Top,"PHP 3,095.00","PHP 2,012.00",,,1 Colour,Club Gold/Summit White/Summit White/Summit White,IM6308-714,,
https://www.nike.com/ph/t/icon-woven-basketball-trousers-dmNP1jHR/HV3366-010,https://static.nike.com/a/images/t_default/a7ee18fd-abe5-4904-ba5f-3b06c53dfac3/AS+M+NK+WVN+ICON+PNT+STRTFV+SN.png,"Recycled Materials, SUSTAINABLE_MATERIALS",Nike Icon,Men's Woven Basketball Trousers,"PHP 3,595.00","PHP 2,517.00",,,1 Colour,Black/Black/White/White,HV3366-010,,
https://www.nike.com/ph/t/stride-dri-fit-12-5cm-brief-lined-perforated-running-shorts-qjTDHzem/HV2194-499,https://static.nike.com/a/images/t_default/4d6aa616-fa9d-4804-a43e-13b47c8edd7e/AS+M+NK+DF+STRIDE+5BF+PRFRTD+S.png,"Recycled Materials, SUSTAINABLE_MATERIALS",Nike Stride,Men's Dri-FIT 12.5cm (approx.) Brief-Lined Perforated Running Shorts,"PHP 2,595.00","PHP 1,817.00",,,1 Colour,World Indigo/World Indigo/World Indigo,HV2194-499,,
https://www.nike.com/ph/t/inter-milan-academy-pro-se-acg-dri-fit-football-long-sleeve-pre-match-top-Kh0PDAzR/IO7951-010,"https://static.nike.com/a/images/t_default/u_9ddf04c7-2a9a-4d76-add1-d15af8f0263d,c_scale,fl_relative,w_1.0,h_1.0,fl_layer_apply/7db11946-d44a-47c8-83dd-7b5d28455b9f/INTER+MNK+DF+ACDPR+LSWRM+PM+SE.png","Bestseller, BEST_SELLER",Inter Milan Academy Pro SE,Men's Nike ACG Dri-FIT Football Long-Sleeve Pre-Match Top,"PHP 2,995.00","PHP 2,396.00",,,1 Colour,Black/Safety Orange,IO7951-010,,
https://www.nike.com/ph/t/kobe-dri-fit-fleece-basketball-trousers-3Px26RSz/IF4913-242,https://static.nike.com/a/images/t_default/67f4e52d-2975-48a7-8496-dba05b39a39b/AS+KB+M+NK+DF+MAMBA+FLC+PANT.png,"Recycled Materials, SUSTAINABLE_MATERIALS",Kobe,Men's Dri-FIT Fleece Basketball Trousers,"PHP 4,095.00","PHP 2,867.00",,,1 Colour,Linen/Linen,IF4913-242,,
https://www.nike.com/ph/t/kobe-older-winterised-basketball-trousers-jUhjndx4/IB2740-010,"https://static.nike.com/a/images/t_default/u_9ddf04c7-2a9a-4d76-add1-d15af8f0263d,c_scale,fl_relative,w_1.0,h_1.0,fl_layer_apply/2338f07b-ae4a-4e48-8151-b6308fc968c9/KB+K+NK+WINTERIZED+BOTTOM.png","Recycled Materials, SUSTAINABLE_MATERIALS",Kobe,Older Kids' Winterised Basketball Pants,"PHP 3,295.00","PHP 2,142.00",,,1 Colour,Black/Anthracite/White,IB2740-010,,
https://www.nike.com/ph/t/acg-goat-rocks-dri-fit-adv-uv-short-sleeve-top-H5zo8dG8/HJ2882-010,https://static.nike.com/a/images/t_default/9c7e3dbf-e0c9-4238-9015-fa1035afbc06/AS+M+ACG+DFADV+GOAT+ROCKS+SS.png,"Recycled Materials, SUSTAINABLE_MATERIALS",Nike ACG 'Goat Rocks',Men's Dri-FIT ADV UV Short-Sleeve Top,"PHP 2,395.00","PHP 1,677.00",,,1 Colour,Black/Anthracite/Summit White,HJ2882-010,,
https://www.nike.com/ph/t/air-jordan-tracksuit-bottoms-JayacPnP/HV0083-045,"https://static.nike.com/a/images/t_default/u_126ab356-44d8-4a06-89b4-fcdcc8df0245,c_scale,fl_relative,w_1.0,h_1.0,fl_layer_apply/374dce95-d91a-4696-bf44-98420feed83f/M+J+AIR+JDN+TRACK+PANT.png","Recycled Materials, SUSTAINABLE_MATERIALS",Air Jordan,Men's Tracksuit Bottoms,"PHP 5,995.00","PHP 3,897.00",,,1 Colour,Off-Noir,HV0083-045,1,
https://www.nike.com/ph/t/usmnt-hollywood-keeper-football-shirt-F6vw4ILF/IO0786-010,https://static.nike.com/a/images/t_default/e8a9c49c-9196-42ee-bff2-c2f8c5ae3084/USA+M+NK+AU+GOALKEEPER+SHIRT.png,"Promo Exclusion, PW_PROMO_EXCLUDED",USMNT Hollywood Keeper,Men's Nike Football Shirt,"PHP 4,095.00","PHP 2,048.00",,,1 Colour,Black/Bright Crimson/Bright Crimson,IO0786-010,,
https://www.nike.com/ph/t/one-light-support-padded-sports-bra-ZUpjHCMM/HQ2814-017,https://static.nike.com/a/images/t_default/6090ba5e-6e9d-46e8-8924-4dd2be71a551/AS+W+NK1+BRA+CAPSULE.png,"Recycled Materials, SUSTAINABLE_MATERIALS",Nike One,Women's Light-Support Padded Sports Bra,"PHP 2,195.00","PHP 1,537.00",,,1 Colour,Cannon/Bicoastal,HQ2814-017,,
https://www.nike.com/ph/t/jr-mercurial-vapor-16-pro-kylian-mbappe-older-low-top-football-boot-lSUT0gOM/HF5450-801,"https://static.nike.com/a/images/t_default/u_9ddf04c7-2a9a-4d76-add1-d15af8f0263d,c_scale,fl_relative,w_1.0,h_1.0,fl_layer_apply/e9548450-7920-4593-b633-87835984b4a2/JR+ZM+VAPOR+16+PRO+KM+FG.png","Member product, MEMBER_ACCESS_ALL",Nike Jr. Mercurial Vapor 16 Pro 'Kylian Mbappé',Older Kids' Firm-Ground Low-Top Football Boot,"PHP 8,395.00","PHP 5,037.00",,,1 Colour,Melon Tint/Igloo/Neo Turquoise,HF5450-801,5,
https://www.nike.com/ph/t/universa-dri-fit-mid-rise-loose-7-8-trousers-tOdCEoqS/HV3586-502,https://static.nike.com/a/images/t_default/b038efad-d469-4f59-90e3-3e5d7ad77cb1/AS+W+NK+UNVRSA+DF+PANT+FLC.png,"Recycled Materials, SUSTAINABLE_MATERIALS",Nike Universa,Women's Dri-FIT Mid-Rise Loose 7/8 Trousers,"PHP 4,995.00","PHP 3,497.00",,,1 Colour,Tattoo/Tattoo/Burgundy Crush,HV3586-502,,
https://www.nike.com/ph/t/flyknit-haven-shoes-Rl3vMk/FD2148-600,"https://static.nike.com/a/images/t_default/u_9ddf04c7-2a9a-4d76-add1-d15af8f0263d,c_scale,fl_relative,w_1.0,h_1.0,fl_layer_apply/442a02a1-8d4f-46f3-ad6c-ef3e330631a3/NIKE+FLYKNIT+HAVEN.png","Recycled Materials, SUSTAINABLE_MATERIALS",Nike Flyknit Haven,Women's Shoes,"PHP 6,895.00","PHP 3,792.00",,,1 Colour,Hot Punch/Oil Green/Dark Smoke Grey/Hot Punch,FD2148-600,,
https://www.nike.com/ph/t/flyknit-haven-shoes-Rl3vMk/FD2148-004,"https://static.nike.com/a/images/t_default/u_9ddf04c7-2a9a-4d76-add1-d15af8f0263d,c_scale,fl_relative,w_1.0,h_1.0,fl_layer_apply/d31ad1b0-f651-417f-b01d-e3548d319e46/NIKE+FLYKNIT+HAVEN.png","Recycled Materials, SUSTAINABLE_MATERIALS",Nike Flyknit Haven,Women's Shoes,"PHP 6,895.00","PHP 3,792.00",,,1 Colour,Black/Dark Smoke Grey/Sail,FD2148-004,,
https://www.nike.com/ph/t/acg-lava-flow-adv-jacket-pcuvySpY/HM9964-684,https://static.nike.com/a/images/t_default/032acf6b-480c-45ca-b16d-476ac4f054c8/AS+W+ACG+TFADV+LAVA+FLOW+JKT.png,"Recycled Materials, SUSTAINABLE_MATERIALS",Nike ACG 'Lava Flow',Women's Therma-FIT ADV Jacket,"PHP 11,695.00","PHP 7,602.00",,,1 Colour,Pinksicle/Pinksicle/Pinksicle/Summit White,HM9964-684,,
https://www.nike.com/ph/t/swift-high-waisted-7-8-printed-running-leggings-srY2wTlw/HV8895-499,https://static.nike.com/a/images/t_default/3259d986-275d-441c-8276-5a1043ef33c4/AS+cW+NK+DF+SWIFT+HR+7%2F8+TIGHT.png,"Recycled Materials, SUSTAINABLE_MATERIALS",Nike Swift,Women's High-Waisted 7/8 Printed Running Leggings,"PHP 3,895.00","PHP 1,948.00",,,1 Colour,World Indigo,HV8895-499,,
https://www.nike.com/ph/t/sportswear-phoenix-fleece-oversized-high-waisted-jacquard-trousers-Cf0befBR/HV2780-010,https://static.nike.com/a/images/t_default/1b7fb086-275b-4cdf-acb0-c3b13a1930e5/AS+W+NSW+PHNX+FLC+HR+OS+AOJ+PA.png,"Recycled Materials, SUSTAINABLE_MATERIALS",Nike Sportswear Phoenix Fleece,Women's Oversized High-Waisted Jacquard Trousers,"PHP 4,195.00","PHP 2,727.00",,,1 Colour,Black/Anthracite,HV2780-010,,
https://www.nike.com/ph/t/sportswear-tailored-trousers-x7dRQyuJ/HV5142-010,"https://static.nike.com/a/images/t_default/u_9ddf04c7-2a9a-4d76-add1-d15af8f0263d,c_scale,fl_relative,w_1.0,h_1.0,fl_layer_apply/4bf914b4-c15c-48e1-b714-87477a76aedd/AS+W+NSW+TAILORED+TROUSER+PANT.png","Recycled Materials, SUSTAINABLE_MATERIALS",Nike Sportswear,Women's Tailored Trousers,"PHP 7,495.00","PHP 4,872.00",,,1 Colour,Black/Anthracite,HV5142-010,,
https://www.nike.com/ph/t/academy-dri-fit-crew-neck-long-sleeve-football-top-UFZVf4aF/HM0745-010,https://static.nike.com/a/images/t_default/22d7dc3a-df8d-42b1-ab88-24ecb3acf069/AS+W+NK+DF+ACD25+CREW+TOP+BR.png,"Recycled Materials, SUSTAINABLE_MATERIALS",Nike Academy,Women's Dri-FIT Crew-Neck Long-Sleeve Football Top,"PHP 1,995.00","PHP 1,397.00",,,1 Colour,Black/Black/White/White,HM0745-010,,
https://www.nike.com/ph/t/sportswear-puffer-GXuam67A/HV5102-010,https://static.nike.com/a/images/t_default/1512818c-e935-48a2-88c3-218126b6920a/AS+W+NSW+TF+SYNFL+METRO+STRT+P.png,"Recycled Materials, SUSTAINABLE_MATERIALS",Nike Sportswear,Women's Therma-FIT Puffer,"PHP 10,995.00","PHP 6,597.00",,,1 Colour,Black/Black,HV5102-010,,
https://www.nike.com/ph/t/tatum-cardigan-dzEcbyPX/IH0612-657,"https://static.nike.com/a/images/t_default/u_126ab356-44d8-4a06-89b4-fcdcc8df0245,c_scale,fl_relative,w_1.0,h_1.0,fl_layer_apply/8d3e90d9-f7f7-4c53-8aa5-5e5872763398/M+J+AIR+JDN+CARDIGAN+JT.png","Recycled Materials, SUSTAINABLE_MATERIALS",Tatum,Men's Cardigan,"PHP 5,995.00","PHP 3,897.00",,,1 Colour,University Red,IH0612-657,5,
https://www.nike.com/ph/t/repel-miler-running-jacket-Pprnvp/DD4747-364,https://static.nike.com/a/images/t_default/707a8c07-3f2b-412a-a7e8-4199721c15e2/AS+M+NK+RPL+MILER+JKT.png,"Recycled Materials, SUSTAINABLE_MATERIALS",Nike Repel Miler,Men's Running Jacket,"PHP 3,295.00","PHP 2,307.00",,,1 Colour,Clay Green/Clay Green,DD4747-364,5,
https://www.nike.com/ph/t/tottenham-hotspur-2025-26-stadium-home-dri-fit-football-replica-long-sleeve-shirt-dAsvxydX/HV9261-101,https://static.nike.com/a/images/t_default/b1914187-26bd-4d93-a85d-a89f58a1761d/THFC+M+NK+DF+JSY+LS+STAD+HM.png,"Recycled Materials, SUSTAINABLE_MATERIALS",Tottenham Hotspur 2025/26 Stadium Home,Men's Nike Dri-FIT Football Replica Long-Sleeve Shirt,"PHP 5,395.00","PHP 4,316.00",,,1 Colour,White/Light Iron Ore/Binary Blue,HV9261-101,,
https://www.nike.com/ph/t/jam-shoes-vNLdFr/FN0314-101,"https://static.nike.com/a/images/t_default/u_9ddf04c7-2a9a-4d76-add1-d15af8f0263d,c_scale,fl_relative,w_1.0,h_1.0,fl_layer_apply/beadbeb0-3817-40eb-b7ba-55f57cf055ac/NIKE+JAM.png","Recycled Materials, SUSTAINABLE_MATERIALS",Nike JAM,Women's Shoes,"PHP 6,895.00","PHP 4,827.00",,,1 Colour,Sail/Armoury Navy/Metallic Silver/Summit White,FN0314-101,,
https://www.nike.com/ph/t/pro-sculpt-high-waisted-7-8-leggings-0Uf0L7Rx/HV2351-390,https://static.nike.com/a/images/t_default/a9688b31-d8c4-4483-9b5c-b4a52de36cc1/AS+W+NP+DF+SCULPT+HR+7%2F8+TGT.png,"Recycled Materials, SUSTAINABLE_MATERIALS",Nike Pro Sculpt,Women's High-Waisted 7/8 Leggings,"PHP 2,895.00","PHP 2,316.00",,,1 Colour,Seaweed/Vintage Green/White,HV2351-390,,
https://www.nike.com/ph/t/sportswear-phoenix-cosy-boucle-slim-knit-trousers-qnkA7Lih/HV2767-390,https://static.nike.com/a/images/t_default/ae0bd76f-7e7a-4d7f-887b-2651f6462001/AS+W+NSW+PHNX+BCL+PANT.png,"Recycled Materials, SUSTAINABLE_MATERIALS",Nike Sportswear Phoenix Cosy Bouclé,Women's Slim Knit Trousers,"PHP 4,795.00","PHP 3,117.00",,,1 Colour,Seaweed/Seaweed,HV2767-390,,
https://www.nike.com/ph/t/academy-dri-fit-football-shorts-ZRRR9Pn9/HJ3797-066,https://static.nike.com/a/images/t_default/39288a60-c82f-4ca0-b37a-a4987d36b1cc/AS+M+NK+DF+ACD25+SHORT+K+BR.png,"Recycled Materials, SUSTAINABLE_MATERIALS",Nike Academy,Men's Dri-FIT Football Shorts,"PHP 1,295.00",PHP 907.00,,,1 Colour,Cool Grey/Black/Bright Crimson,HJ3797-066,,
https://www.nike.com/ph/t/strike-repel-football-pants-gdhKOI6F/IF1531-254,https://static.nike.com/a/images/t_default/cc53397a-d474-4238-aed0-42cd30d244f3/AS+M+NK+RPL+STRK%2B+PANT+W.png,"Recycled Materials, SUSTAINABLE_MATERIALS",Nike Strike+,Men's Repel Football Pants,"PHP 3,795.00","PHP 2,657.00",,,1 Colour,Medium Ash/Off-Noir/Summit White/Summit White,IF1531-254,,
https://www.nike.com/ph/t/sportswear-swoosh-series-oversized-down-gilet-kkdH5W7x/IH8008-010,https://static.nike.com/a/images/t_default/d06ea200-f354-4079-911e-66645cb46197/AS+W+NSW+DWN+MAX+SWSH+VEST.png,"Recycled Materials, SUSTAINABLE_MATERIALS",Nike Sportswear Swoosh Series,Women's Oversized Down Gilet,"PHP 9,495.00","PHP 6,172.00",,,1 Colour,Black/Black,IH8008-010,,
https://www.nike.com/ph/t/sportswear-swoosh-series-oversized-down-gilet-kkdH5W7x/IH8008-606,https://static.nike.com/a/images/t_default/6a0c3816-38b0-47e5-95a3-b912db34a3db/AS+W+NSW+DWN+MAX+SWSH+VEST.png,"Recycled Materials, SUSTAINABLE_MATERIALS",Nike Sportswear Swoosh Series,Women's Oversized Down Gilet,"PHP 9,495.00","PHP 6,172.00",,,1 Colour,Pink Spell/Pink Spell,IH8008-606,,
